"","V1"
"1","s00020"
"2","s00079"
"3","s00079"
"4","s00123"
"5","s00124"
"6","s00124"
"7","s00124"
"8","s00138"
"9","s00151"
"10","s00151"
"11","s00151"
"12","s00177"
"13","s00208"
"14","s00214"
"15","s00217"
"16","s00263"
"17","s00263"
"18","s00263"
"19","s00283"
"20","s00292"
"21","s00292"
"22","s00308"
"23","s00318"
"24","s00328"
"25","s00369"
"26","s00377"
"27","s00379"
"28","s00408"
"29","s00408"
"30","s00408"
"31","s00416"
"32","s00416"
"33","s00427"
"34","s00439"
"35","s00439"
"36","s00439"
"37","s00462"
"38","s00491"
"39","s00491"
"40","s00507"
"41","s00515"
"42","s00515"
"43","s00515"
"44","s00549"
"45","s00549"
"46","s00565"
"47","s00565"
"48","s00608"
"49","s00608"
"50","s00608"
"51","s00625"
"52","s00625"
"53","s00625"
"54","s00625"
"55","s00638"
"56","s00650"
"57","s00650"
"58","s00668"
"59","s00682"
"60","s00695"
"61","s00695"
"62","s00695"
"63","s00703"
"64","s00708"
"65","s00708"
"66","s00710"
"67","s00710"
"68","s00719"
"69","s00719"
"70","s00719"
"71","s00736"
"72","s00749"
"73","s00770"
"74","s00770"
"75","s00770"
"76","s00772"
"77","s00772"
"78","s00787"
"79","s00787"
"80","s00787"
"81","s00834"
"82","s00834"
"83","s00843"
"84","s00843"
"85","s00843"
"86","s00865"
"87","s00865"
"88","s00865"
"89","s00871"
"90","s00871"
"91","s00871"
"92","s00871"
"93","s00894"
"94","s00894"
"95","s00906"
"96","s00907"
"97","s00907"
"98","s00907"
"99","s00907"
"100","s00907"
"101","s00925"
"102","s00981"
"103","s01006"
"104","s01006"
"105","s01012"
"106","s01021"
"107","s01028"
"108","s01028"
"109","s01046"
"110","s01072"
"111","s01123"
"112","s01123"
"113","s01144"
"114","s01217"
"115","s01222"
"116","s01222"
"117","s01222"
"118","s01222"
"119","s01222"
"120","s01222"
"121","s01222"
"122","s01222"
"123","s01222"
"124","s01222"
"125","s01222"
"126","s01222"
"127","s01222"
"128","s01222"
"129","s01222"
"130","s01222"
"131","s01224"
"132","s01224"
"133","s01244"
"134","s01244"
"135","s01279"
"136","s01280"
"137","s01280"
"138","s01313"
"139","s01357"
"140","s01378"
"141","s01396"
"142","s01398"
"143","s01408"
"144","s01414"
"145","s01418"
"146","s01418"
"147","s01449"
"148","s01485"
"149","s01502"
"150","s01524"
"151","s01551"
"152","s01551"
"153","s01586"
"154","s01586"
"155","s01604"
"156","s01604"
"157","s01604"
"158","s01604"
"159","s01613"
"160","s01613"
"161","s01613"
"162","s01650"
"163","s01693"
"164","s01693"
"165","s01778"
"166","s01785"
"167","s01785"
"168","s01785"
"169","s01818"
"170","s01818"
"171","s01824"
"172","s01854"
"173","s01854"
"174","s01861"
"175","s01861"
"176","s01885"
"177","s01888"
"178","s01888"
"179","s01888"
"180","s01892"
"181","s01892"
"182","s01900"
"183","s01931"
"184","s01931"
"185","s01932"
"186","s01941"
"187","s01941"
"188","s01944"
"189","s01944"
"190","s01950"
"191","s01950"
"192","s01950"
"193","s01950"
"194","s01973"
"195","s01973"
"196","s01973"
"197","s02014"
"198","s02014"
"199","s02049"
"200","s02049"
"201","s02075"
"202","s02075"
"203","s02148"
"204","s02148"
"205","s02148"
"206","s02148"
"207","s02172"
"208","s02172"
"209","s02185"
"210","s02185"
"211","s02213"
"212","s02213"
"213","s02224"
"214","s02229"
"215","s02240"
"216","s02251"
"217","s02264"
"218","s02264"
"219","s02264"
"220","s02265"
"221","s02280"
"222","s02280"
"223","s02280"
"224","s02280"
"225","s02280"
"226","s02317"
"227","s02317"
"228","s02332"
"229","s02332"
"230","s02340"
"231","s02340"
"232","s02361"
"233","s02362"
"234","s02395"
"235","s02397"
"236","s02466"
"237","s02479"
"238","s02480"
"239","s02488"
"240","s02488"
"241","s02492"
"242","s02498"
"243","s02514"
"244","s02514"
"245","s02514"
"246","s02549"
"247","s02549"
"248","s02561"
"249","s02561"
"250","s02561"
"251","s02565"
"252","s02598"
"253","s02619"
"254","s02664"
"255","s02700"
"256","s02700"
"257","s02700"
"258","s02754"
"259","s02755"
"260","s02755"
"261","s02755"
"262","s02755"
"263","s02755"
"264","s02773"
"265","s02787"
"266","s02787"
"267","s02827"
"268","s02827"
"269","s02827"
"270","s02834"
"271","s02834"
"272","s02834"
"273","s02917"
"274","s02917"
"275","s03021"
"276","s03052"
"277","s03052"
"278","s03097"
"279","s03099"
"280","s03133"
"281","s03138"
"282","s03138"
"283","s03171"
"284","s03174"
"285","s03176"
"286","s03176"
"287","s03192"
"288","s03214"
"289","s03214"
"290","s03214"
"291","s03214"
"292","s03218"
"293","s03221"
"294","s03221"
"295","s03245"
"296","s03245"
"297","s03250"
"298","s03266"
"299","s03272"
"300","s03279"
"301","s03290"
"302","s03302"
"303","s03302"
"304","s03321"
"305","s03330"
"306","s03330"
"307","s03330"
"308","s03340"
"309","s03340"
"310","s03351"
"311","s03358"
"312","s03365"
"313","s03372"
"314","s03372"
"315","s03462"
"316","s03466"
"317","s03466"
"318","s03473"
"319","s03474"
"320","s03474"
"321","s03474"
"322","s03498"
"323","s03506"
"324","s03513"
"325","s03521"
"326","s03521"
"327","s03521"
"328","s03521"
"329","s03533"
"330","s03570"
"331","s03570"
"332","s03586"
"333","s03586"
"334","s03593"
"335","s03593"
"336","s03619"
"337","s03619"
"338","s03622"
"339","s03622"
"340","s03622"
"341","s03623"
"342","s03623"
"343","s03623"
"344","s03623"
"345","s03626"
"346","s03633"
"347","s03633"
"348","s03673"
"349","s03675"
"350","s03675"
"351","s03675"
"352","s03680"
"353","s03680"
"354","s03680"
"355","s03680"
"356","s03745"
"357","s03748"
"358","s03748"
"359","s03764"
"360","s03764"
"361","s03764"
"362","s03794"
"363","s03794"
"364","s03798"
"365","s03798"
"366","s03821"
"367","s03853"
"368","s03853"
"369","s03860"
"370","s03860"
"371","s03863"
"372","s03863"
"373","s03863"
"374","s03883"
"375","s03884"
"376","s03886"
"377","s03889"
"378","s03914"
"379","s03914"
"380","s03914"
"381","s03914"
"382","s03929"
"383","s03929"
"384","s03932"
"385","s03932"
"386","s03986"
"387","s03986"
"388","s03986"
"389","s03986"
"390","s03986"
"391","s03986"
"392","s03992"
"393","s03995"
"394","s03995"
"395","s04041"
"396","s04041"
"397","s04059"
"398","s04059"
"399","s04064"
"400","s04064"
"401","s04064"
"402","s04064"
"403","s04064"
"404","s04076"
"405","s04077"
"406","s04077"
"407","s04113"
"408","s04113"
"409","s04113"
"410","s04136"
"411","s04194"
"412","s04252"
"413","s04266"
"414","s04266"
"415","s04266"
"416","s04270"
"417","s04286"
"418","s04317"
"419","s04317"
"420","s04329"
"421","s04338"
"422","s04347"
"423","s04347"
"424","s04347"
"425","s04348"
"426","s04348"
"427","s04362"
"428","s04362"
"429","s04369"
"430","s04393"
"431","s04401"
"432","s04401"
"433","s04406"
"434","s04420"
"435","s04420"
"436","s04448"
"437","s04448"
"438","s04451"
"439","s04457"
"440","s04465"
"441","s04481"
"442","s04520"
"443","s04520"
"444","s04565"
"445","s04566"
"446","s04566"
"447","s04568"
"448","s04568"
"449","s04599"
"450","s04599"
"451","s04599"
"452","s04599"
"453","s04599"
"454","s04599"
"455","s04599"
"456","s04599"
"457","s04633"
"458","s04633"
"459","s04655"
"460","s04655"
"461","s04656"
"462","s04656"
"463","s04656"
"464","s04656"
"465","s04656"
"466","s04685"
"467","s04685"
"468","s04685"
"469","s04685"
"470","s04685"
"471","s04685"
"472","s04685"
"473","s04685"
"474","s04688"
"475","s04688"
"476","s04738"
"477","s04742"
"478","s04742"
"479","s04742"
"480","s04771"
"481","s04778"
"482","s04778"
"483","s04784"
"484","s04803"
"485","s04803"
"486","s04805"
"487","s04805"
"488","s04805"
"489","s04808"
"490","s04847"
"491","s04852"
"492","s04852"
"493","s04853"
"494","s04853"
"495","s04862"
"496","s04870"
"497","s04893"
"498","s04894"
"499","s04894"
"500","s04894"
"501","s04894"
"502","s04909"
"503","s04915"
"504","s04915"
"505","s04915"
"506","s04944"
"507","s04944"
"508","s04944"
"509","s04968"
"510","s05023"
"511","s05107"
"512","s05114"
"513","s05126"
"514","s05163"
"515","s05175"
"516","s05175"
"517","s05198"
"518","s05198"
"519","s05198"
"520","s05199"
"521","s05201"
"522","s05205"
"523","s05205"
"524","s05237"
"525","s05282"
"526","s05282"
"527","s05289"
"528","s05289"
"529","s05289"
"530","s05307"
"531","s05321"
"532","s05321"
"533","s05336"
"534","s05336"
"535","s05343"
"536","s05343"
"537","s05354"
"538","s05369"
"539","s05369"
"540","s05369"
"541","s05407"
"542","s05407"
"543","s05451"
"544","s05478"
"545","s05478"
"546","s05485"
"547","s05496"
"548","s05506"
"549","s05521"
"550","s05521"
"551","s05549"
"552","s05574"
"553","s05574"
"554","s05574"
"555","s05591"
"556","s05591"
"557","s05606"
"558","s05606"
"559","s05606"
"560","s05637"
"561","s05637"
"562","s05642"
"563","s05642"
"564","s05686"
"565","s05701"
"566","s05701"
"567","s05710"
"568","s05710"
"569","s05714"
"570","s05714"
"571","s05738"
"572","s05748"
"573","s05748"
"574","s05748"
"575","s05784"
"576","s05784"
"577","s05786"
"578","s05786"
"579","s05786"
"580","s05786"
"581","s05818"
"582","s05832"
"583","s05847"
"584","s05871"
"585","s05871"
"586","s05879"
"587","s05908"
"588","s05911"
"589","s05933"
"590","s05960"
"591","s05960"
"592","s05960"
"593","s05995"
"594","s06010"
"595","s06010"
"596","s06010"
"597","s06017"
"598","s06042"
"599","s06042"
"600","s06042"
"601","s06042"
"602","s06042"
"603","s06053"
"604","s06053"
"605","s06107"
"606","s06145"
"607","s06145"
"608","s06145"
"609","s06145"
"610","s06145"
"611","s06145"
"612","s06145"
"613","s06145"
"614","s06145"
"615","s06145"
"616","s06145"
"617","s06180"
"618","s06194"
"619","s06202"
"620","s06202"
"621","s06204"
"622","s06204"
"623","s06204"
"624","s06206"
"625","s06206"
"626","s06206"
"627","s06206"
"628","s06214"
"629","s06233"
"630","s06233"
"631","s06254"
"632","s06256"
"633","s06256"
"634","s06294"
"635","s06323"
"636","s06335"
"637","s06338"
"638","s06338"
"639","s06349"
"640","s06349"
"641","s06349"
"642","s06358"
"643","s06365"
"644","s06365"
"645","s06382"
"646","s06382"
"647","s06382"
"648","s06407"
"649","s06407"
"650","s06407"
"651","s06411"
"652","s06411"
"653","s06455"
"654","s06464"
"655","s06470"
"656","s06470"
"657","s06478"
"658","s06519"
"659","s06522"
"660","s06535"
"661","s06553"
"662","s06553"
"663","s06555"
"664","s06555"
"665","s06555"
"666","s06555"
"667","s06555"
"668","s06561"
"669","s06561"
"670","s06561"
"671","s06566"
"672","s06566"
"673","s06566"
"674","s06601"
"675","s06607"
"676","s06621"
"677","s06636"
"678","s06636"
"679","s06637"
"680","s06637"
"681","s06659"
"682","s06659"
"683","s06659"
"684","s06667"
"685","s06667"
"686","s06667"
"687","s06667"
"688","s06673"
"689","s06688"
"690","s06707"
"691","s06804"
"692","s06804"
"693","s06804"
"694","s06804"
"695","s06804"
"696","s06809"
"697","s06809"
"698","s06809"
"699","s06809"
"700","s06841"
"701","s06869"
"702","s06869"
"703","s06889"
"704","s06889"
"705","s06889"
"706","s06889"
"707","s06892"
"708","s06892"
"709","s06892"
"710","s06933"
"711","s06933"
"712","s06933"
"713","s06944"
"714","s06944"
"715","s06944"
"716","s06953"
"717","s06953"
"718","s06967"
"719","s06981"
"720","s06983"
"721","s06988"
"722","s06988"
"723","s07125"
"724","s07125"
"725","s07125"
"726","s07125"
"727","s07136"
"728","s07172"
"729","s07172"
"730","s07172"
"731","s07172"
"732","s07183"
"733","s07183"
"734","s07212"
"735","s07213"
"736","s07217"
"737","s07217"
"738","s07224"
"739","s07224"
"740","s07224"
"741","s07225"
"742","s07225"
"743","s07262"
"744","s07262"
"745","s07262"
"746","s07263"
"747","s07289"
"748","s07289"
"749","s07297"
"750","s07297"
"751","s07347"
"752","s07347"
"753","s07360"
"754","s07360"
"755","s07360"
"756","s07381"
"757","s07381"
"758","s07381"
"759","s07381"
"760","s07410"
"761","s07427"
"762","s07427"
"763","s07427"
"764","s07442"
"765","s07448"
"766","s07468"
"767","s07468"
"768","s07470"
"769","s07470"
"770","s07478"
"771","s07478"
"772","s07478"
"773","s07478"
"774","s07479"
"775","s07479"
"776","s07482"
"777","s07482"
"778","s07487"
"779","s07487"
"780","s07487"
"781","s07492"
"782","s07492"
"783","s07519"
"784","s07519"
"785","s07567"
"786","s07567"
"787","s07612"
"788","s07632"
"789","s07632"
"790","s07632"
"791","s07655"
"792","s07655"
"793","s07655"
"794","s07655"
"795","s07655"
"796","s07655"
"797","s07681"
"798","s07681"
"799","s07681"
"800","s07683"
"801","s07683"
"802","s07688"
"803","s07688"
"804","s07705"
"805","s07728"
"806","s07728"
"807","s07760"
"808","s07760"
"809","s07786"
"810","s07786"
"811","s07786"
"812","s07809"
"813","s07842"
"814","s07849"
"815","s07849"
"816","s07849"
"817","s07860"
"818","s07886"
"819","s07894"
"820","s07908"
"821","s07908"
"822","s07910"
"823","s07910"
"824","s07910"
"825","s07977"
"826","s07977"
"827","s07985"
"828","s07985"
"829","s08013"
"830","s08013"
"831","s08013"
"832","s08013"
"833","s08040"
"834","s08099"
"835","s08100"
"836","s08100"
"837","s08100"
"838","s08100"
"839","s08100"
"840","s08120"
"841","s08120"
"842","s08138"
"843","s08154"
"844","s08154"
"845","s08186"
"846","s08198"
"847","s08198"
"848","s08198"
"849","s08207"
"850","s08207"
"851","s08231"
"852","s08249"
"853","s08249"
"854","s08249"
"855","s08259"
"856","s08259"
"857","s08269"
"858","s08272"
"859","s08272"
"860","s08347"
"861","s08363"
"862","s08368"
"863","s08368"
"864","s08368"
"865","s08368"
"866","s08368"
"867","s08422"
"868","s08422"
"869","s08445"
"870","s08445"
"871","s08451"
"872","s08461"
"873","s08461"
"874","s08467"
"875","s08493"
"876","s08532"
"877","s08532"
"878","s08557"
"879","s08566"
"880","s08566"
"881","s08566"
"882","s08566"
"883","s08566"
"884","s08566"
"885","s08566"
"886","s08568"
"887","s08568"
"888","s08569"
"889","s08569"
"890","s08718"
"891","s08718"
"892","s08718"
"893","s08723"
"894","s08749"
"895","s08779"
"896","s08790"
"897","s08822"
"898","s08832"
"899","s08870"
"900","s08870"
"901","s08870"
"902","s08870"
"903","s08879"
"904","s08890"
"905","s08890"
"906","s08905"
"907","s08905"
"908","s08905"
"909","s08905"
"910","s08905"
"911","s08947"
"912","s08989"
"913","s08996"
"914","s09001"
"915","s09001"
"916","s09016"
"917","s09043"
"918","s09043"
"919","s09043"
"920","s09048"
"921","s09070"
"922","s09112"
"923","s09130"
"924","s09139"
"925","s09176"
"926","s09176"
"927","s09178"
"928","s09178"
"929","s09178"
"930","s09178"
"931","s09178"
"932","s09178"
"933","s09233"
"934","s09249"
"935","s09249"
"936","s09251"
"937","s09251"
"938","s09268"
"939","s09268"
"940","s09269"
"941","s09278"
"942","s09278"
"943","s09278"
"944","s09278"
"945","s09289"
"946","s09330"
"947","s09330"
"948","s09335"
"949","s09335"
"950","s09338"
"951","s09341"
"952","s09341"
"953","s09361"
"954","s09361"
"955","s09372"
"956","s09372"
"957","s09389"
"958","s09393"
"959","s09393"
"960","s09425"
"961","s09426"
"962","s09430"
"963","s09434"
"964","s09486"
"965","s09486"
"966","s09526"
"967","s09575"
"968","s09575"
"969","s09593"
"970","s09593"
"971","s09593"
"972","s09593"
"973","s09595"
"974","s09595"
"975","s09615"
"976","s09630"
"977","s09630"
"978","s09630"
"979","s09630"
"980","s09642"
"981","s09648"
"982","s09648"
"983","s09664"
"984","s09664"
"985","s09672"
"986","s09672"
"987","s09672"
"988","s09678"
"989","s09685"
"990","s09685"
"991","s09714"
"992","s09714"
"993","s09732"
"994","s09783"
"995","s09783"
"996","s09783"
"997","s09783"
"998","s09783"
"999","s09882"
"1000","s09882"
"1001","s09882"
"1002","s09882"
"1003","s09950"
"1004","s09950"
"1005","s09962"
"1006","s09971"
"1007","s09987"
"1008","s09991"
"1009","s09991"
"1010","s10013"
"1011","s10061"
"1012","s10061"
"1013","s10069"
"1014","s10069"
"1015","s10077"
"1016","s10186"
"1017","s10186"
"1018","s10186"
"1019","s10186"
"1020","s10205"
"1021","s10209"
"1022","s10209"
"1023","s10209"
"1024","s10209"
"1025","s10241"
"1026","s10250"
"1027","s10289"
"1028","s10315"
"1029","s10320"
"1030","s10342"
"1031","s10384"
"1032","s10384"
"1033","s10419"
"1034","s10423"
"1035","s10432"
"1036","s10455"
"1037","s10455"
"1038","s10485"
"1039","s10485"
"1040","s10487"
"1041","s10487"
"1042","s10510"
"1043","s10510"
"1044","s10525"
"1045","s10534"
"1046","s10534"
"1047","s10552"
"1048","s10552"
"1049","s10552"
"1050","s10595"
"1051","s10595"
"1052","s10595"
"1053","s10611"
"1054","s10611"
"1055","s10638"
"1056","s10638"
"1057","s10651"
"1058","s10651"
"1059","s10651"
"1060","s10651"
"1061","s10655"
"1062","s10655"
"1063","s10656"
"1064","s10710"
"1065","s10710"
"1066","s10766"
"1067","s10785"
"1068","s10820"
"1069","s10820"
"1070","s10872"
"1071","s10872"
"1072","s10925"
"1073","s10925"
"1074","s10925"
"1075","s10925"
"1076","s10925"
"1077","s10925"
"1078","s10925"
"1079","s10925"
"1080","s10926"
"1081","s10926"
"1082","s10939"
"1083","s10939"
"1084","s10973"
"1085","s11032"
"1086","s11032"
"1087","s11032"
"1088","s11066"
"1089","s11086"
"1090","s11086"
"1091","s11086"
"1092","s11096"
"1093","s11096"
"1094","s11099"
"1095","s11137"
"1096","s11138"
"1097","s11143"
"1098","s11161"
"1099","s11161"
"1100","s11200"
"1101","s11205"
"1102","s11205"
"1103","s11205"
"1104","s11205"
"1105","s11244"
"1106","s11244"
"1107","s11279"
"1108","s11280"
"1109","s11280"
"1110","s11291"
"1111","s11318"
"1112","s11318"
"1113","s11318"
"1114","s11323"
"1115","s11323"
"1116","s11347"
"1117","s11347"
"1118","s11372"
"1119","s11372"
"1120","s11380"
"1121","s11380"
"1122","s11464"
"1123","s11464"
"1124","s11464"
"1125","s11591"
"1126","s11604"
"1127","s11638"
"1128","s11638"
"1129","s11638"
"1130","s11641"
"1131","s11658"
"1132","s11667"
"1133","s11679"
"1134","s11684"
"1135","s11684"
"1136","s11684"
"1137","s11684"
"1138","s11688"
"1139","s11688"
"1140","s11698"
"1141","s11703"
"1142","s11710"
"1143","s11752"
"1144","s11752"
"1145","s11763"
"1146","s11764"
"1147","s11770"
"1148","s11770"
"1149","s11787"
"1150","s11801"
"1151","s11801"
"1152","s11827"
"1153","s11827"
"1154","s11829"
"1155","s11829"
"1156","s11829"
"1157","s11829"
"1158","s11829"
"1159","s11840"
"1160","s11850"
"1161","s11852"
"1162","s11855"
"1163","s11877"
"1164","s11907"
"1165","s11907"
"1166","s11931"
"1167","s11945"
"1168","s11949"
"1169","s11949"
"1170","s11951"
"1171","s11951"
"1172","s11951"
"1173","s11995"
"1174","s11995"
"1175","s11995"
"1176","s12000"
"1177","s12000"
"1178","s12000"
"1179","s12000"
"1180","s12090"
"1181","s12094"
"1182","s12104"
"1183","s12104"
"1184","s12112"
"1185","s12112"
"1186","s12113"
"1187","s12113"
"1188","s12113"
"1189","s12116"
"1190","s12141"
"1191","s12141"
"1192","s12171"
"1193","s12171"
"1194","s12171"
"1195","s12171"
"1196","s12171"
"1197","s12171"
"1198","s12184"
"1199","s12187"
"1200","s12215"
"1201","s12215"
"1202","s12217"
"1203","s12231"
"1204","s12251"
"1205","s12267"
"1206","s12267"
"1207","s12267"
"1208","s12277"
"1209","s12294"
"1210","s12294"
"1211","s12319"
"1212","s12352"
"1213","s12352"
"1214","s12400"
"1215","s12536"
"1216","s12565"
"1217","s12573"
"1218","s12573"
"1219","s12573"
"1220","s12577"
"1221","s12581"
"1222","s12581"
"1223","s12586"
"1224","s12586"
"1225","s12663"
"1226","s12673"
"1227","s12673"
"1228","s12679"
"1229","s12704"
"1230","s12704"
"1231","s12708"
"1232","s12727"
"1233","s12727"
"1234","s12772"
"1235","s12772"
"1236","s12798"
"1237","s12807"
"1238","s12821"
"1239","s12849"
"1240","s12856"
"1241","s12856"
"1242","s12856"
"1243","s12856"
"1244","s12856"
"1245","s12903"
"1246","s12920"
"1247","s12941"
"1248","s12968"
"1249","s12968"
"1250","s13002"
"1251","s13033"
"1252","s13033"
"1253","s13033"
"1254","s13033"
"1255","s13033"
"1256","s13033"
"1257","s13049"
"1258","s13049"
"1259","s13049"
"1260","s13049"
"1261","s13096"
"1262","s13099"
"1263","s13099"
"1264","s13101"
"1265","s13101"
"1266","s13101"
"1267","s13101"
"1268","s13146"
"1269","s13149"
"1270","s13171"
"1271","s13183"
"1272","s13183"
"1273","s13195"
"1274","s13259"
"1275","s13274"
"1276","s13286"
"1277","s13286"
"1278","s13295"
"1279","s13308"
"1280","s13333"
"1281","s13353"
"1282","s13354"
"1283","s13422"
"1284","s13435"
"1285","s13436"
"1286","s13436"
"1287","s13438"
"1288","s13439"
"1289","s13439"
"1290","s13485"
"1291","s13489"
"1292","s13489"
"1293","s13489"
"1294","s13532"
"1295","s13536"
"1296","s13569"
"1297","s13570"
"1298","s13628"
"1299","s13628"
"1300","s13640"
"1301","s13646"
"1302","s13705"
"1303","s13715"
"1304","s13715"
"1305","s13715"
"1306","s13716"
"1307","s13716"
"1308","s13720"
"1309","s13731"
"1310","s13759"
"1311","s13759"
"1312","s13772"
"1313","s13772"
"1314","s13793"
"1315","s13793"
"1316","s13818"
"1317","s13818"
"1318","s13837"
"1319","s13837"
"1320","s13850"
"1321","s13852"
"1322","s13852"
"1323","s13852"
"1324","s13852"
"1325","s13852"
"1326","s13868"
"1327","s13970"
"1328","s13970"
"1329","s13970"
"1330","s13970"
"1331","s13970"
"1332","s13970"
"1333","s13993"
"1334","s13993"
"1335","s14005"
"1336","s14014"
"1337","s14019"
"1338","s14036"
"1339","s14036"
"1340","s14054"
"1341","s14057"
"1342","s14057"
"1343","s14059"
"1344","s14070"
"1345","s14123"
"1346","s14131"
"1347","s14131"
"1348","s14167"
"1349","s14167"
"1350","s14167"
"1351","s14167"
"1352","s14174"
"1353","s14187"
"1354","s14189"
"1355","s14189"
"1356","s14190"
"1357","s14190"
"1358","s14204"
"1359","s14204"
"1360","s14204"
"1361","s14205"
"1362","s14299"
"1363","s14299"
"1364","s14299"
"1365","s14321"
"1366","s14321"
"1367","s14391"
"1368","s14448"
"1369","s14458"
"1370","s14486"
"1371","s14486"
"1372","s14486"
"1373","s14495"
"1374","s14520"
"1375","s14520"
"1376","s14520"
"1377","s14520"
"1378","s14520"
"1379","s14520"
"1380","s14524"
"1381","s14524"
"1382","s14524"
"1383","s14529"
"1384","s14532"
"1385","s14532"
"1386","s14539"
"1387","s14539"
"1388","s14544"
"1389","s14551"
"1390","s14561"
"1391","s14561"
"1392","s14579"
"1393","s14584"
"1394","s14584"
"1395","s14584"
"1396","s14592"
"1397","s14622"
"1398","s14622"
"1399","s14626"
"1400","s14692"
"1401","s14692"
"1402","s14702"
"1403","s14761"
"1404","s14772"
"1405","s14772"
"1406","s14772"
"1407","s14772"
"1408","s14784"
"1409","s14784"
"1410","s14784"
"1411","s14784"
"1412","s14822"
"1413","s14822"
"1414","s14824"
"1415","s14824"
"1416","s14836"
"1417","s14836"
"1418","s14836"
"1419","s14836"
"1420","s14836"
"1421","s14836"
"1422","s14863"
"1423","s14874"
"1424","s14884"
"1425","s14897"
"1426","s14897"
"1427","s14897"
"1428","s14897"
"1429","s14898"
"1430","s14898"
"1431","s14899"
"1432","s14899"
"1433","s14900"
"1434","s14919"
"1435","s14919"
"1436","s14919"
"1437","s14919"
"1438","s14922"
"1439","s14922"
"1440","s14932"
"1441","s14938"
"1442","s14938"
"1443","s15013"
"1444","s15021"
"1445","s15023"
"1446","s15023"
"1447","s15023"
"1448","s15023"
"1449","s15026"
"1450","s15026"
"1451","s15026"
"1452","s15052"
"1453","s15055"
"1454","s15082"
"1455","s15110"
"1456","s15110"
"1457","s15124"
"1458","s15124"
"1459","s15141"
"1460","s15144"
"1461","s15150"
"1462","s15185"
"1463","s15185"
"1464","s15185"
"1465","s15208"
"1466","s15208"
"1467","s15226"
"1468","s15226"
"1469","s15270"
"1470","s15279"
"1471","s15279"
"1472","s15302"
"1473","s15303"
"1474","s15329"
"1475","s15329"
"1476","s15329"
"1477","s15330"
"1478","s15330"
"1479","s15330"
"1480","s15333"
"1481","s15382"
"1482","s15426"
"1483","s15426"
"1484","s15464"
"1485","s15465"
"1486","s15465"
"1487","s15465"
"1488","s15465"
"1489","s15509"
"1490","s15509"
"1491","s15514"
"1492","s15531"
"1493","s15557"
"1494","s15567"
"1495","s15567"
"1496","s15567"
"1497","s15567"
"1498","s15569"
"1499","s15619"
"1500","s15619"
"1501","s15624"
"1502","s15624"
"1503","s15624"
"1504","s15624"
"1505","s15624"
"1506","s15624"
"1507","s15624"
"1508","s15631"
"1509","s15652"
"1510","s15683"
"1511","s15687"
"1512","s15701"
"1513","s15701"
"1514","s15703"
"1515","s15703"
"1516","s15703"
"1517","s15725"
"1518","s15725"
"1519","s15727"
"1520","s15727"
"1521","s15727"
"1522","s15727"
"1523","s15727"
"1524","s15727"
"1525","s15733"
"1526","s15733"
"1527","s15733"
"1528","s15749"
"1529","s15749"
"1530","s15749"
"1531","s15769"
"1532","s15769"
"1533","s15779"
"1534","s15779"
"1535","s15809"
"1536","s15809"
"1537","s15809"
"1538","s15817"
"1539","s15821"
"1540","s15831"
"1541","s15864"
"1542","s15864"
"1543","s15864"
"1544","s15864"
"1545","s15877"
"1546","s15877"
"1547","s15885"
"1548","s15900"
"1549","s15903"
"1550","s15903"
"1551","s15911"
"1552","s15911"
"1553","s15924"
"1554","s15929"
"1555","s15929"
"1556","s15965"
"1557","s15974"
"1558","s15974"
"1559","s15982"
"1560","s15997"
"1561","s16019"
"1562","s16032"
"1563","s16032"
"1564","s16038"
"1565","s16038"
"1566","s16046"
"1567","s16055"
"1568","s16071"
"1569","s16071"
"1570","s16117"
"1571","s16121"
"1572","s16122"
"1573","s16122"
"1574","s16122"
"1575","s16127"
"1576","s16127"
"1577","s16127"
"1578","s16127"
"1579","s16161"
"1580","s16161"
"1581","s16161"
"1582","s16161"
"1583","s16161"
"1584","s16196"
"1585","s16210"
"1586","s16236"
"1587","s16286"
"1588","s16286"
"1589","s16286"
"1590","s16337"
"1591","s16337"
"1592","s16343"
"1593","s16353"
"1594","s16353"
"1595","s16353"
"1596","s16353"
"1597","s16391"
"1598","s16391"
"1599","s16391"
"1600","s16399"
"1601","s16399"
"1602","s16399"
"1603","s16399"
"1604","s16447"
"1605","s16447"
"1606","s16455"
"1607","s16455"
"1608","s16455"
"1609","s16455"
"1610","s16511"
"1611","s16511"
"1612","s16511"
"1613","s16511"
"1614","s16533"
"1615","s16533"
"1616","s16550"
"1617","s16550"
"1618","s16552"
"1619","s16561"
"1620","s16561"
"1621","s16565"
"1622","s16565"
"1623","s16565"
"1624","s16581"
"1625","s16581"
"1626","s16581"
"1627","s16607"
"1628","s16633"
"1629","s16639"
"1630","s16639"
"1631","s16691"
"1632","s16709"
"1633","s16715"
"1634","s16723"
"1635","s16740"
"1636","s16740"
"1637","s16748"
"1638","s16775"
"1639","s16775"
"1640","s16798"
"1641","s16798"
"1642","s16798"
"1643","s16804"
"1644","s16804"
"1645","s16810"
"1646","s16810"
"1647","s16810"
"1648","s16827"
"1649","s16853"
"1650","s16873"
"1651","s16873"
"1652","s16876"
"1653","s16876"
"1654","s16881"
"1655","s16881"
"1656","s16881"
"1657","s16924"
"1658","s16924"
"1659","s16924"
"1660","s16961"
"1661","s17018"
"1662","s17018"
"1663","s17026"
"1664","s17028"
"1665","s17054"
"1666","s17069"
"1667","s17069"
"1668","s17072"
"1669","s17072"
"1670","s17075"
"1671","s17075"
"1672","s17083"
"1673","s17083"
"1674","s17092"
"1675","s17097"
"1676","s17097"
"1677","s17125"
"1678","s17125"
"1679","s17125"
"1680","s17125"
"1681","s17152"
"1682","s17152"
"1683","s17152"
"1684","s17152"
"1685","s17182"
"1686","s17182"
"1687","s17216"
"1688","s17231"
"1689","s17231"
"1690","s17262"
"1691","s17290"
"1692","s17293"
"1693","s17372"
"1694","s17372"
"1695","s17440"
"1696","s17440"
"1697","s17443"
"1698","s17443"
"1699","s17456"
"1700","s17456"
"1701","s17457"
"1702","s17457"
"1703","s17472"
"1704","s17483"
"1705","s17483"
"1706","s17516"
"1707","s17557"
"1708","s17589"
"1709","s17589"
"1710","s17589"
"1711","s17589"
"1712","s17589"
"1713","s17589"
"1714","s17589"
"1715","s17589"
"1716","s17629"
"1717","s17629"
"1718","s17674"
"1719","s17690"
"1720","s17690"
"1721","s17691"
"1722","s17696"
"1723","s17696"
"1724","s17696"
"1725","s17696"
"1726","s17696"
"1727","s17702"
"1728","s17712"
"1729","s17722"
"1730","s17722"
"1731","s17748"
"1732","s17765"
"1733","s17765"
"1734","s17765"
"1735","s17785"
"1736","s17785"
"1737","s17798"
"1738","s17803"
"1739","s17810"
"1740","s17810"
"1741","s17810"
"1742","s17822"
"1743","s17822"
"1744","s17828"
"1745","s17828"
"1746","s17828"
"1747","s17828"
"1748","s17828"
"1749","s17847"
"1750","s17865"
"1751","s17913"
"1752","s17920"
"1753","s17920"
"1754","s17929"
"1755","s17929"
"1756","s17929"
"1757","s17929"
"1758","s17948"
"1759","s17948"
"1760","s17959"
"1761","s17959"
"1762","s17959"
"1763","s17959"
"1764","s17959"
"1765","s17976"
"1766","s17976"
"1767","s17976"
"1768","s18088"
"1769","s18108"
"1770","s18126"
"1771","s18126"
"1772","s18126"
"1773","s18126"
"1774","s18126"
"1775","s18126"
"1776","s18126"
"1777","s18166"
"1778","s18166"
"1779","s18166"
"1780","s18166"
"1781","s18219"
"1782","s18219"
"1783","s18219"
"1784","s18219"
"1785","s18229"
"1786","s18239"
"1787","s18239"
"1788","s18239"
"1789","s18243"
"1790","s18243"
"1791","s18248"
"1792","s18269"
"1793","s18358"
"1794","s18358"
"1795","s18377"
"1796","s18401"
"1797","s18401"
"1798","s18401"
"1799","s18413"
"1800","s18413"
"1801","s18413"
"1802","s18487"
"1803","s18487"
"1804","s18489"
"1805","s18498"
"1806","s18546"
"1807","s18568"
"1808","s18568"
"1809","s18584"
"1810","s18584"
"1811","s18584"
"1812","s18595"
"1813","s18595"
"1814","s18597"
"1815","s18597"
"1816","s18676"
"1817","s18676"
"1818","s18676"
"1819","s18676"
"1820","s18676"
"1821","s18681"
"1822","s18681"
"1823","s18685"
"1824","s18687"
"1825","s18687"
"1826","s18688"
"1827","s18695"
"1828","s18696"
"1829","s18696"
"1830","s18696"
"1831","s18696"
"1832","s18738"
"1833","s18786"
"1834","s18786"
"1835","s18846"
"1836","s18852"
"1837","s18875"
"1838","s18925"
"1839","s18952"
"1840","s18982"
"1841","s18982"
"1842","s18982"
"1843","s18988"
"1844","s18988"
"1845","s18995"
"1846","s18995"
"1847","s18998"
"1848","s18998"
"1849","s19005"
"1850","s19012"
"1851","s19012"
"1852","s19012"
"1853","s19016"
"1854","s19029"
"1855","s19053"
"1856","s19053"
"1857","s19053"
"1858","s19053"
"1859","s19055"
"1860","s19055"
"1861","s19087"
"1862","s19102"
"1863","s19102"
"1864","s19102"
"1865","s19125"
"1866","s19208"
"1867","s19208"
"1868","s19208"
"1869","s19208"
"1870","s19213"
"1871","s19213"
"1872","s19213"
"1873","s19213"
"1874","s19213"
"1875","s19218"
"1876","s19218"
"1877","s19220"
"1878","s19246"
"1879","s19246"
"1880","s19246"
"1881","s19246"
"1882","s19296"
"1883","s19296"
"1884","s19297"
"1885","s19297"
"1886","s19297"
"1887","s19297"
"1888","s19330"
"1889","s19330"
"1890","s19364"
"1891","s19380"
"1892","s19418"
"1893","s19430"
"1894","s19513"
"1895","s19538"
"1896","s19538"
"1897","s19563"
"1898","s19603"
"1899","s19604"
"1900","s19618"
"1901","s19618"
"1902","s19620"
"1903","s19620"
"1904","s19624"
"1905","s19634"
"1906","s19649"
"1907","s19655"
"1908","s19655"
"1909","s19655"
"1910","s19655"
"1911","s19733"
"1912","s19733"
"1913","s19734"
"1914","s19815"
"1915","s19815"
"1916","s19834"
"1917","s19848"
"1918","s19848"
"1919","s19891"
"1920","s19898"
"1921","s19898"
"1922","s19918"
"1923","s19936"
"1924","s19936"
"1925","s19936"
"1926","s19947"
"1927","s19947"
"1928","s19947"
"1929","s19965"
"1930","s19965"
"1931","s19965"
"1932","s19965"
"1933","s19975"
"1934","s19975"
"1935","s19977"
"1936","s20062"
"1937","s20124"
"1938","s20124"
"1939","s20129"
"1940","s20181"
"1941","s20181"
"1942","s20238"
"1943","s20238"
"1944","s20238"
"1945","s20246"
"1946","s20268"
"1947","s20268"
"1948","s20268"
"1949","s20269"
"1950","s20303"
"1951","s20303"
"1952","s20324"
"1953","s20324"
"1954","s20345"
"1955","s20354"
"1956","s20354"
"1957","s20354"
"1958","s20354"
"1959","s20354"
"1960","s20354"
"1961","s20389"
"1962","s20403"
"1963","s20448"
"1964","s20450"
"1965","s20450"
"1966","s20459"
"1967","s20474"
"1968","s20474"
"1969","s20546"
"1970","s20546"
"1971","s20564"
"1972","s20564"
"1973","s20575"
"1974","s20582"
"1975","s20582"
"1976","s20589"
"1977","s20658"
"1978","s20658"
"1979","s20658"
"1980","s20658"
"1981","s20658"
"1982","s20679"
"1983","s20689"
"1984","s20763"
"1985","s20763"
"1986","s20766"
"1987","s20794"
"1988","s20794"
"1989","s20794"
"1990","s20795"
"1991","s20846"
"1992","s20846"
"1993","s20856"
"1994","s20856"
"1995","s20856"
"1996","s20860"
"1997","s20922"
"1998","s20922"
"1999","s20929"
"2000","s20929"
"2001","s20929"
"2002","s20929"
"2003","s20929"
"2004","s20936"
"2005","s20936"
"2006","s20936"
"2007","s20936"
"2008","s20936"
"2009","s20936"
"2010","s20984"
"2011","s20984"
"2012","s20986"
"2013","s20986"
"2014","s21011"
"2015","s21011"
"2016","s21011"
"2017","s21030"
"2018","s21030"
"2019","s21048"
"2020","s21048"
"2021","s21050"
"2022","s21050"
"2023","s21050"
"2024","s21050"
"2025","s21071"
"2026","s21071"
"2027","s21088"
"2028","s21088"
"2029","s21088"
"2030","s21088"
"2031","s21108"
"2032","s21138"
"2033","s21147"
"2034","s21147"
"2035","s21152"
"2036","s21152"
"2037","s21152"
"2038","s21156"
"2039","s21156"
"2040","s21161"
"2041","s21162"
"2042","s21187"
"2043","s21187"
"2044","s21219"
"2045","s21219"
"2046","s21219"
"2047","s21219"
"2048","s21258"
"2049","s21258"
"2050","s21265"
"2051","s21265"
"2052","s21270"
"2053","s21271"
"2054","s21271"
"2055","s21271"
"2056","s21305"
"2057","s21305"
"2058","s21305"
"2059","s21317"
"2060","s21321"
"2061","s21321"
"2062","s21321"
"2063","s21321"
"2064","s21321"
"2065","s21321"
"2066","s21328"
"2067","s21328"
"2068","s21349"
"2069","s21438"
"2070","s21438"
"2071","s21438"
"2072","s21438"
"2073","s21481"
"2074","s21483"
"2075","s21483"
"2076","s21484"
"2077","s21484"
"2078","s21504"
"2079","s21517"
"2080","s21521"
"2081","s21559"
"2082","s21561"
"2083","s21570"
"2084","s21584"
"2085","s21584"
"2086","s21584"
"2087","s21584"
"2088","s21663"
"2089","s21663"
"2090","s21663"
"2091","s21681"
"2092","s21709"
"2093","s21709"
"2094","s21709"
"2095","s21709"
"2096","s21709"
"2097","s21709"
"2098","s21709"
"2099","s21709"
"2100","s21710"
"2101","s21734"
"2102","s21734"
"2103","s21766"
"2104","s21766"
"2105","s21775"
"2106","s21775"
"2107","s21775"
"2108","s21775"
"2109","s21775"
"2110","s21797"
"2111","s21797"
"2112","s21797"
"2113","s21805"
"2114","s21805"
"2115","s21809"
"2116","s21809"
"2117","s21811"
"2118","s21817"
"2119","s21817"
"2120","s21845"
"2121","s21857"
"2122","s21873"
"2123","s21920"
"2124","s21920"
"2125","s21920"
"2126","s21920"
"2127","s21920"
"2128","s21954"
"2129","s21974"
"2130","s22017"
"2131","s22018"
"2132","s22018"
"2133","s22077"
"2134","s22077"
"2135","s22086"
"2136","s22122"
"2137","s22130"
"2138","s22134"
"2139","s22134"
"2140","s22138"
"2141","s22138"
"2142","s22156"
"2143","s22181"
"2144","s22181"
"2145","s22200"
"2146","s22218"
"2147","s22218"
"2148","s22221"
"2149","s22241"
"2150","s22242"
"2151","s22242"
"2152","s22281"
"2153","s22281"
"2154","s22285"
"2155","s22306"
"2156","s22322"
"2157","s22322"
"2158","s22322"
"2159","s22339"
"2160","s22339"
"2161","s22354"
"2162","s22354"
"2163","s22373"
"2164","s22373"
"2165","s22373"
"2166","s22389"
"2167","s22393"
"2168","s22401"
"2169","s22401"
"2170","s22414"
"2171","s22414"
"2172","s22429"
"2173","s22448"
"2174","s22448"
"2175","s22448"
"2176","s22466"
"2177","s22466"
"2178","s22491"
"2179","s22491"
"2180","s22496"
"2181","s22499"
"2182","s22499"
"2183","s22499"
"2184","s22508"
"2185","s22537"
"2186","s22537"
"2187","s22603"
"2188","s22606"
"2189","s22642"
"2190","s22657"
"2191","s22657"
"2192","s22657"
"2193","s22657"
"2194","s22664"
"2195","s22669"
"2196","s22673"
"2197","s22687"
"2198","s22731"
"2199","s22731"
"2200","s22766"
"2201","s22801"
"2202","s22801"
"2203","s22801"
"2204","s22801"
"2205","s22809"
"2206","s22809"
"2207","s22859"
"2208","s22879"
"2209","s22888"
"2210","s22888"
"2211","s22908"
"2212","s22937"
"2213","s22956"
"2214","s22980"
"2215","s22983"
"2216","s23001"
"2217","s23015"
"2218","s23020"
"2219","s23020"
"2220","s23020"
"2221","s23020"
"2222","s23028"
"2223","s23028"
"2224","s23028"
"2225","s23047"
"2226","s23048"
"2227","s23060"
"2228","s23092"
"2229","s23097"
"2230","s23097"
"2231","s23097"
"2232","s23097"
"2233","s23105"
"2234","s23130"
"2235","s23130"
"2236","s23166"
"2237","s23166"
"2238","s23180"
"2239","s23270"
"2240","s23292"
"2241","s23292"
"2242","s23292"
"2243","s23299"
"2244","s23318"
"2245","s23321"
"2246","s23321"
"2247","s23339"
"2248","s23339"
"2249","s23339"
"2250","s23344"
"2251","s23351"
"2252","s23401"
"2253","s23401"
"2254","s23413"
"2255","s23413"
"2256","s23448"
"2257","s23448"
"2258","s23459"
"2259","s23468"
"2260","s23468"
"2261","s23468"
"2262","s23470"
"2263","s23470"
"2264","s23552"
"2265","s23552"
"2266","s23575"
"2267","s23575"
"2268","s23578"
"2269","s23578"
"2270","s23578"
"2271","s23578"
"2272","s23578"
"2273","s23580"
"2274","s23580"
"2275","s23580"
"2276","s23580"
"2277","s23584"
"2278","s23590"
"2279","s23590"
"2280","s23591"
"2281","s23594"
"2282","s23594"
"2283","s23599"
"2284","s23599"
"2285","s23599"
"2286","s23617"
"2287","s23619"
"2288","s23620"
"2289","s23626"
"2290","s23626"
"2291","s23626"
"2292","s23626"
"2293","s23627"
"2294","s23641"
"2295","s23652"
"2296","s23675"
"2297","s23675"
"2298","s23675"
"2299","s23675"
"2300","s23749"
"2301","s23761"
"2302","s23761"
"2303","s23780"
"2304","s23782"
"2305","s23811"
"2306","s23811"
"2307","s23811"
"2308","s23869"
"2309","s23869"
"2310","s23869"
"2311","s23890"
"2312","s23890"
"2313","s23907"
"2314","s23907"
"2315","s23907"
"2316","s23907"
"2317","s23922"
"2318","s23934"
"2319","s24004"
"2320","s24004"
"2321","s24030"
"2322","s24030"
"2323","s24063"
"2324","s24064"
"2325","s24064"
"2326","s24124"
"2327","s24133"
"2328","s24142"
"2329","s24152"
"2330","s24177"
"2331","s24177"
"2332","s24314"
"2333","s24314"
"2334","s24357"
"2335","s24406"
"2336","s24417"
"2337","s24417"
"2338","s24431"
"2339","s24431"
"2340","s24431"
"2341","s24438"
"2342","s24438"
"2343","s24446"
"2344","s24457"
"2345","s24460"
"2346","s24460"
"2347","s24460"
"2348","s24475"
"2349","s24508"
"2350","s24508"
"2351","s24508"
"2352","s24514"
"2353","s24532"
"2354","s24532"
"2355","s24532"
"2356","s24547"
"2357","s24547"
"2358","s24547"
"2359","s24547"
"2360","s24556"
"2361","s24556"
"2362","s24559"
"2363","s24559"
"2364","s24560"
"2365","s24560"
"2366","s24560"
"2367","s24562"
"2368","s24562"
"2369","s24562"
"2370","s24562"
"2371","s24567"
"2372","s24567"
"2373","s24567"
"2374","s24569"
"2375","s24569"
"2376","s24569"
"2377","s24573"
"2378","s24577"
"2379","s24577"
"2380","s24577"
"2381","s24591"
"2382","s24591"
"2383","s24597"
"2384","s24597"
"2385","s24597"
"2386","s24597"
"2387","s24597"
"2388","s24609"
"2389","s24609"
"2390","s24626"
"2391","s24666"
"2392","s24666"
"2393","s24666"
"2394","s24690"
"2395","s24711"
"2396","s24730"
"2397","s24746"
"2398","s24746"
"2399","s24746"
"2400","s24748"
"2401","s24748"
"2402","s24792"
"2403","s24792"
"2404","s24792"
"2405","s24799"
"2406","s24799"
"2407","s24799"
"2408","s24804"
"2409","s24804"
"2410","s24822"
"2411","s24828"
"2412","s24828"
"2413","s24828"
"2414","s24837"
"2415","s24837"
"2416","s24837"
"2417","s24837"
"2418","s24837"
"2419","s24837"
"2420","s24897"
"2421","s24897"
"2422","s24922"
"2423","s24923"
"2424","s24923"
"2425","s24923"
"2426","s24924"
"2427","s24924"
"2428","s24984"
"2429","s24984"
"2430","s24984"
"2431","s24984"
"2432","s24984"
"2433","s25016"
"2434","s25030"
"2435","s25073"
"2436","s25081"
"2437","s25081"
"2438","s25107"
"2439","s25111"
"2440","s25111"
"2441","s25111"
"2442","s25140"
"2443","s25168"
"2444","s25171"
"2445","s25174"
"2446","s25178"
"2447","s25207"
"2448","s25222"
"2449","s25228"
"2450","s25228"
"2451","s25255"
"2452","s25271"
"2453","s25297"
"2454","s25297"
"2455","s25297"
"2456","s25297"
"2457","s25318"
"2458","s25328"
"2459","s25373"
"2460","s25373"
"2461","s25400"
"2462","s25428"
"2463","s25428"
"2464","s25466"
"2465","s25466"
"2466","s25466"
"2467","s25585"
"2468","s25585"
"2469","s25585"
"2470","s25602"
"2471","s25602"
"2472","s25602"
"2473","s25602"
"2474","s25603"
"2475","s25621"
"2476","s25621"
"2477","s25627"
"2478","s25627"
"2479","s25627"
"2480","s25659"
"2481","s25659"
"2482","s25668"
"2483","s25668"
"2484","s25699"
"2485","s25699"
"2486","s25699"
"2487","s25699"
"2488","s25699"
"2489","s25699"
"2490","s25699"
"2491","s25699"
"2492","s25699"
"2493","s25699"
"2494","s25708"
"2495","s25708"
"2496","s25721"
"2497","s25725"
"2498","s25725"
"2499","s25725"
"2500","s25725"
"2501","s25851"
"2502","s25862"
"2503","s25862"
"2504","s25862"
"2505","s25862"
"2506","s25862"
"2507","s25862"
"2508","s25862"
"2509","s25862"
"2510","s25862"
"2511","s25862"
"2512","s25862"
"2513","s25862"
"2514","s25862"
"2515","s25939"
"2516","s25987"
"2517","s25987"
"2518","s25987"
"2519","s25987"
"2520","s25988"
"2521","s26018"
"2522","s26024"
"2523","s26024"
"2524","s26037"
"2525","s26043"
"2526","s26043"
"2527","s26043"
"2528","s26054"
"2529","s26069"
"2530","s26087"
"2531","s26094"
"2532","s26094"
"2533","s26097"
"2534","s26105"
"2535","s26105"
"2536","s26105"
"2537","s26105"
"2538","s26105"
"2539","s26105"
"2540","s26105"
"2541","s26133"
"2542","s26133"
"2543","s26133"
"2544","s26133"
"2545","s26209"
"2546","s26233"
"2547","s26267"
"2548","s26267"
"2549","s26277"
"2550","s26296"
"2551","s26296"
"2552","s26318"
"2553","s26356"
"2554","s26380"
"2555","s26380"
"2556","s26381"
"2557","s26381"
"2558","s26381"
"2559","s26382"
"2560","s26435"
"2561","s26435"
"2562","s26446"
"2563","s26446"
"2564","s26446"
"2565","s26459"
"2566","s26459"
"2567","s26459"
"2568","s26467"
"2569","s26467"
"2570","s26467"
"2571","s26472"
"2572","s26472"
"2573","s26472"
"2574","s26472"
"2575","s26480"
"2576","s26506"
"2577","s26519"
"2578","s26519"
"2579","s26519"
"2580","s26519"
"2581","s26519"
"2582","s26519"
"2583","s26519"
"2584","s26519"
"2585","s26519"
"2586","s26519"
"2587","s26575"
"2588","s26575"
"2589","s26575"
"2590","s26575"
"2591","s26575"
"2592","s26576"
"2593","s26604"
"2594","s26604"
"2595","s26637"
"2596","s26637"
"2597","s26639"
"2598","s26688"
"2599","s26688"
"2600","s26688"
"2601","s26688"
"2602","s26688"
"2603","s26688"
"2604","s26688"
"2605","s26688"
"2606","s26693"
"2607","s26693"
"2608","s26710"
"2609","s26711"
