"","x"
"1",NA
"2",NA
"3","s00124-3297-08-03-18-27n.hea.csv"
"4","s00124-3297-08-03-21-51n.hea.csv"
"5","s00124-3297-08-04-15-23n.hea.csv"
"6","s00263-2931-11-13-23-52n.hea.csv"
"7","s00263-2931-11-15-19-57n.hea.csv"
"8","s00292-3050-10-10-16-50n.hea.csv"
"9","s00439-3242-12-28-03-07n.hea.csv"
"10","s00439-3242-12-28-20-29n.hea.csv"
"11","s00710-3234-03-20-17-20n.hea.csv"
"12","s00719-3416-08-25-23-53n.hea.csv"
"13",NA
"14",NA
"15","s01028-3459-03-23-15-41n.hea.csv"
"16",NA
"17","s01280-3391-10-19-15-20n.hea.csv"
"18","s01551-3079-08-17-22-37n.hea.csv"
"19","s01613-3089-03-05-08-55n.hea.csv"
"20","s01888-3143-02-09-12-11n.hea.csv"
"21","s01950-3274-06-27-15-04n.hea.csv"
"22","s02264-2918-04-11-20-16n.hea.csv"
"23","s02264-2918-04-13-17-57n.hea.csv"
"24","s02332-3037-04-16-20-58n.hea.csv"
"25","s02549-2766-03-19-11-09n.hea.csv"
"26","s02700-3028-12-03-14-31n.hea.csv"
"27",NA
"28",NA
"29","s03214-3353-07-31-23-21n.hea.csv"
"30","s03245-2657-12-11-21-30n.hea.csv"
"31","s03372-2689-03-18-09-22n.hea.csv"
"32","s03586-2673-02-19-06-16n.hea.csv"
"33","s03622-2665-04-13-14-21n.hea.csv"
"34","s03652-3396-11-15-18-18n.hea.csv"
"35","s03675-3283-10-20-15-59n.hea.csv"
"36","s03680-3289-08-03-18-49n.hea.csv"
"37","s03680-3289-08-04-13-00n.hea.csv"
"38","s03745-3024-06-27-13-23n.hea.csv"
"39","s03746-2831-02-25-15-32n.hea.csv"
"40","s03986-3063-04-30-15-23n.hea.csv"
"41","s04064-2660-08-07-19-26n.hea.csv"
"42","s04064-2660-08-21-19-53n.hea.csv"
"43","s04064-2660-08-30-18-01n.hea.csv"
"44","s04064-2660-09-07-14-29n.hea.csv"
"45","s04248-3249-08-02-04-47n.hea.csv"
"46","s04462-3323-03-25-07-04n.hea.csv"
"47","s04568-3496-06-16-20-33n.hea.csv"
"48","s04803-3245-08-09-16-16n.hea.csv"
"49","s04853-3266-10-01-16-30n.hea.csv"
"50","s04860-3179-01-25-20-39n.hea.csv"
"51","s05239-3264-04-16-19-12n.hea.csv"
"52","s05289-3007-07-15-18-49n.hea.csv"
"53",NA
"54",NA
"55","s05574-2888-10-28-15-20n.hea.csv"
"56","s05574-2888-10-29-05-07n.hea.csv"
"57","s05591-3486-05-19-03-02n.hea.csv"
"58","s05637-2930-08-27-18-51n.hea.csv"
"59","s05701-3150-01-03-19-59n.hea.csv"
"60","s05786-2825-09-20-11-22n.hea.csv"
"61","s05786-2825-09-21-01-12n.hea.csv"
"62","s06010-3447-11-08-15-10n.hea.csv"
"63","s06256-2935-10-16-15-35n.hea.csv"
"64","s06382-3288-03-16-12-00n.hea.csv"
"65","s06407-2683-04-26-16-43n.hea.csv"
"66","s06555-2617-08-12-08-33n.hea.csv"
"67","s06555-2617-08-13-14-45n.hea.csv"
"68","s06555-2617-08-15-16-16n.hea.csv"
"69",NA
"70",NA
"71",NA
"72","s06667-3231-03-28-15-15n.hea.csv"
"73","s06869-3308-08-31-13-00n.hea.csv"
"74","s06933-3355-11-21-05-35n.hea.csv"
"75","s06933-3355-11-21-22-58n.hea.csv"
"76","s06953-3303-06-12-15-28n.hea.csv"
"77","s07051-3327-11-07-02-51n.hea.csv"
"78","s07217-2731-02-27-20-34n.hea.csv"
"79","s07262-3486-04-11-15-06n.hea.csv"
"80","s07262-3486-04-13-19-01n.hea.csv"
"81","s07297-3300-08-25-00-32n.hea.csv"
"82","s07360-3271-07-02-11-58n.hea.csv"
"83","s07427-3101-05-13-02-00n.hea.csv"
"84","s07470-3004-01-02-00-32n.hea.csv"
"85",NA
"86","s07519-3191-10-23-01-13n.hea.csv"
"87","s07521-3192-11-26-02-05n.hea.csv"
"88","s07542-3171-02-03-16-53n.hea.csv"
"89","s07651-2980-10-20-15-57n.hea.csv"
"90","s07728-3491-04-10-00-06n.hea.csv"
"91","s07897-2653-11-27-10-42n.hea.csv"
"92","s07910-3268-05-18-18-51n.hea.csv"
"93","s07977-3336-01-17-14-20n.hea.csv"
"94","s08100-2804-07-26-19-00n.hea.csv"
"95","s08100-2804-07-26-21-43n.hea.csv"
"96","s08272-3167-08-08-14-31n.hea.csv"
"97","s08532-3464-06-01-13-16n.hea.csv"
"98",NA
"99","s08905-3437-02-27-22-15n.hea.csv"
"100","s09070-3459-04-18-18-06n.hea.csv"
"101","s09176-3282-07-13-14-24n.hea.csv"
"102","s09178-2764-07-26-15-49n.hea.csv"
"103","s09178-2764-07-28-08-04n.hea.csv"
"104","s09178-2764-07-28-09-09n.hea.csv"
"105","s09358-2679-06-24-18-03n.hea.csv"
"106","s09361-2730-11-06-23-46n.hea.csv"
"107","s09486-3328-10-07-10-45n.hea.csv"
"108","s09595-3125-10-14-20-39n.hea.csv"
"109","s09630-2752-03-01-10-42n.hea.csv"
"110","s09630-2752-03-02-10-17n.hea.csv"
"111","s09630-2752-03-04-17-34n.hea.csv"
"112","s09714-2607-04-20-19-58n.hea.csv"
"113","s09783-2934-04-12-01-03n.hea.csv"
"114","s09950-2888-04-03-19-44n.hea.csv"
"115","s10086-2925-02-14-20-09n.hea.csv"
"116","s10564-2775-10-31-15-51n.hea.csv"
"117","s10995-3066-11-26-23-09n.hea.csv"
"118","s11032-2775-09-26-17-09n.hea.csv"
"119",NA
"120","s11191-3196-03-06-18-52n.hea.csv"
"121","s11191-3196-03-06-21-04n.hea.csv"
"122","s11347-2524-03-10-10-57n.hea.csv"
"123","s11600-2644-10-07-18-15n.hea.csv"
"124","s11752-2987-12-25-15-58n.hea.csv"
"125",NA
"126",NA
"127","s11829-2740-08-23-12-00n.hea.csv"
"128","s11829-2740-08-23-21-56n.hea.csv"
"129","s11829-2740-08-25-03-51n.hea.csv"
"130","s11829-2740-08-26-16-11n.hea.csv"
"131","s11829-2740-08-26-23-00n.hea.csv"
"132","s11951-2560-10-10-22-21n.hea.csv"
"133","s11995-2617-10-01-20-50n.hea.csv"
"134","s12112-3413-10-27-23-28n.hea.csv"
"135","s12171-2906-11-09-01-38n.hea.csv"
"136","s12171-2906-11-10-09-56n.hea.csv"
"137","s12171-2906-11-11-11-29n.hea.csv"
"138","s12171-2906-11-11-14-44n.hea.csv"
"139","s12171-2906-11-11-17-42n.hea.csv"
"140","s12215-2950-01-06-05-35n.hea.csv"
"141","s12267-3400-04-11-17-24n.hea.csv"
"142","s12352-2579-09-30-19-54n.hea.csv"
"143","s12371-2863-03-10-18-27n.hea.csv"
"144","s12461-2663-04-28-20-29n.hea.csv"
"145","s13033-3412-09-05-08-29n.hea.csv"
"146","s13489-2834-02-26-04-24n.hea.csv"
"147","s13837-2870-03-12-14-47n.hea.csv"
"148","s14298-3134-10-28-21-18n.hea.csv"
"149","s14561-3108-11-19-11-06n.hea.csv"
"150","s14822-3001-09-05-18-50n.hea.csv"
"151","s14824-3061-07-21-02-00n.hea.csv"
"152","s14836-3180-01-31-12-54n.hea.csv"
"153","s14897-3126-02-19-17-10n.hea.csv"
"154","s14919-2805-04-03-01-50n.hea.csv"
"155","s15329-2647-11-16-15-13n.hea.csv"
"156",NA
"157","s15426-3477-05-28-03-09n.hea.csv"
"158","s15509-3447-10-12-04-28n.hea.csv"
"159","s15567-2946-07-29-23-00n.hea.csv"
"160","s15567-2946-08-01-14-37n.hea.csv"
"161","s15567-2946-08-02-14-26n.hea.csv"
"162","s15703-3238-11-25-21-21n.hea.csv"
"163","s15903-2570-09-19-15-08n.hea.csv"
"164","s15929-3013-10-16-00-22n.hea.csv"
"165","s15963-3381-02-28-02-22n.hea.csv"
"166","s16286-3014-10-08-19-46n.hea.csv"
"167","s16353-3144-06-29-18-58n.hea.csv"
"168",NA
"169",NA
"170","s16399-2910-11-06-13-15n.hea.csv"
"171","s16399-2910-11-07-14-25n.hea.csv"
"172","s16399-2910-11-07-16-51n.hea.csv"
"173","s16581-2753-10-19-15-52n.hea.csv"
"174","s16639-3079-09-11-12-49n.hea.csv"
"175","s16677-2754-12-28-17-30n.hea.csv"
"176","s16810-3355-02-18-07-52n.hea.csv"
"177","s16873-2636-05-16-12-09n.hea.csv"
"178","s16915-3374-01-03-00-59n.hea.csv"
"179","s17231-3412-03-08-19-13n.hea.csv"
"180","s17285-2667-10-25-21-42n.hea.csv"
"181","s17285-2667-10-26-08-58n.hea.csv"
"182","s17440-2890-03-22-21-21n.hea.csv"
"183","s17696-3370-11-04-22-31n.hea.csv"
"184","s18166-3435-06-04-05-27n.hea.csv"
"185","s18166-3435-06-04-06-38n.hea.csv"
"186","s18219-2916-09-08-04-42n.hea.csv"
"187","s18401-3490-02-13-17-05n.hea.csv"
"188","s18401-3490-02-13-18-55n.hea.csv"
"189","s18413-3047-06-23-13-18n.hea.csv"
"190","s18584-3310-03-01-21-15n.hea.csv"
"191","s18687-3208-07-03-15-28n.hea.csv"
"192","s18942-3163-12-27-15-59n.hea.csv"
"193","s18998-3186-09-18-20-08n.hea.csv"
"194","s19012-3358-04-20-03-22n.hea.csv"
"195","s19297-2702-01-30-14-01n.hea.csv"
"196",NA
"197",NA
"198","s19538-3094-11-29-12-36n.hea.csv"
"199","s19655-3027-12-23-14-13n.hea.csv"
"200","s19898-2508-12-03-03-02n.hea.csv"
"201","s19936-3137-04-05-08-46n.hea.csv"
"202","s20095-3215-02-12-16-00n.hea.csv"
"203","s20268-3076-01-11-19-38n.hea.csv"
"204","s20303-2560-02-22-19-21n.hea.csv"
"205","s20450-3242-03-04-04-25n.hea.csv"
"206","s20846-2570-04-23-10-07n.hea.csv"
"207","s20922-3173-01-04-12-29n.hea.csv"
"208","s20929-2900-02-20-10-26n.hea.csv"
"209","s20929-2900-02-21-16-15n.hea.csv"
"210","s21050-3273-03-19-20-25n.hea.csv"
"211","s21050-3273-03-22-13-00n.hea.csv"
"212","s21050-3273-03-22-19-46n.hea.csv"
"213","s21419-3163-02-15-22-55n.hea.csv"
"214","s21483-3415-02-02-00-21n.hea.csv"
"215","s21507-2744-03-02-12-57n.hea.csv"
"216","s21507-2744-03-03-11-04n.hea.csv"
"217","s21507-2744-03-08-17-48n.hea.csv"
"218","s21766-3336-05-22-17-05n.hea.csv"
"219","s21775-3360-08-07-21-59n.hea.csv"
"220","s21797-2603-02-10-18-44n.hea.csv"
"221","s21920-2538-09-06-12-00n.hea.csv"
"222","s21920-2538-09-06-23-35n.hea.csv"
"223","s22322-2603-12-14-15-03n.hea.csv"
"224","s22801-2918-02-03-16-00n.hea.csv"
"225","s23154-2906-12-06-12-23n.hea.csv"
"226","s23166-2679-10-05-04-41n.hea.csv"
"227","s23603-2929-06-14-00-32n.hea.csv"
"228","s23675-3441-08-26-00-51n.hea.csv"
"229",NA
"230","s23687-3395-11-23-09-54n.hea.csv"
"231","s23869-2728-10-29-07-54n.hea.csv"
"232","s23869-2728-10-30-14-28n.hea.csv"
"233","s23890-2832-10-25-12-55n.hea.csv"
"234","s23907-3278-07-27-13-20n.hea.csv"
"235","s23907-3278-07-27-14-49n.hea.csv"
"236","s24030-2588-05-17-15-52n.hea.csv"
"237","s24063-3016-12-09-20-04n.hea.csv"
"238",NA
"239","s24605-3114-10-16-06-00n.hea.csv"
"240","s24748-3403-05-06-14-23n.hea.csv"
"241","s24792-3360-11-05-06-28n.hea.csv"
"242","s24828-2568-02-25-16-01n.hea.csv"
"243","s24828-2568-02-29-17-03n.hea.csv"
"244","s25297-2930-06-12-14-00n.hea.csv"
"245","s25297-2930-06-15-17-08n.hea.csv"
"246","s25297-2930-06-16-15-26n.hea.csv"
"247","s25297-2930-06-16-20-07n.hea.csv"
"248","s25466-3221-10-20-06-59n.hea.csv"
"249","s25466-3221-10-20-12-13n.hea.csv"
"250","s25621-3104-05-14-09-34n.hea.csv"
"251","s25862-3317-08-09-20-38n.hea.csv"
"252","s25862-3317-08-11-15-29n.hea.csv"
"253",NA
"254","s26109-3079-12-31-19-35n.hea.csv"
"255","s26156-2854-02-16-19-09n.hea.csv"
"256","s26380-2646-07-13-18-02n.hea.csv"
"257","s26472-2737-12-01-10-25n.hea.csv"
"258","s26472-2737-12-01-18-54n.hea.csv"
"259",NA
"260","s26511-2667-01-12-20-46n.hea.csv"
"261","s26519-2865-08-25-16-13n.hea.csv"
"262","s26519-2865-08-25-21-23n.hea.csv"
"263","s26519-2865-08-28-15-50n.hea.csv"
"264","s26604-2966-02-23-18-01n.hea.csv"
