220K,s00020-2567-03-30-17-47n.hea.csv
96K,s00079-2756-08-14-01-25n.hea.csv
324K,s00079-2756-08-14-12-28n.hea.csv
224K,s00123-2772-11-02-03-01n.hea.csv
4.0K,s00124-3297-08-03-18-27n.hea.csv
152K,s00124-3297-08-03-21-51n.hea.csv
84K,s00124-3297-08-04-15-23n.hea.csv
212K,s00138-2817-11-01-13-39n.hea.csv
540K,s00151-2509-04-12-15-19n.hea.csv
248K,s00151-2509-04-15-12-12n.hea.csv
452K,s00151-2509-04-16-14-43n.hea.csv
180K,s00177-3299-12-03-12-35n.hea.csv
284K,s00208-2955-05-18-00-06n.hea.csv
712K,s00214-3084-11-28-16-23n.hea.csv
240K,s00217-2669-08-23-12-28n.hea.csv
288K,s00263-2931-11-13-23-52n.hea.csv
92K,s00263-2931-11-15-19-57n.hea.csv
24K,s00263-2931-11-16-11-58n.hea.csv
160K,s00283-2948-10-24-13-16n.hea.csv
4.0K,s00292-3050-10-10-16-50n.hea.csv
160K,s00292-3050-10-10-19-46n.hea.csv
376K,s00308-2915-08-04-12-57n.hea.csv
456K,s00318-3031-08-09-07-15n.hea.csv
1.1M,s00328-3144-10-20-14-50n.hea.csv
212K,s00369-2939-10-27-13-03n.hea.csv
144K,s00377-3016-03-04-15-47n.hea.csv
296K,s00379-3192-07-24-12-20n.hea.csv
152K,s00408-3350-09-28-22-27n.hea.csv
180K,s00408-3350-09-29-18-23n.hea.csv
24K,s00408-3350-09-30-19-10n.hea.csv
20K,s00416-2509-05-22-15-14n.hea.csv
12K,s00416-2509-05-23-00-20n.hea.csv
12K,s00427-2977-04-30-13-51n.hea.csv
4.0K,s00439-3242-12-28-03-07n.hea.csv
144K,s00439-3242-12-28-20-29n.hea.csv
1.4M,s00439-3242-12-29-13-54n.hea.csv
440K,s00462-2830-04-26-15-50n.hea.csv
208K,s00491-2546-04-19-14-08n.hea.csv
144K,s00491-2546-04-20-13-09n.hea.csv
1.6M,s00507-2521-10-17-17-06n.hea.csv
1.1M,s00515-3148-05-26-11-35n.hea.csv
1.4M,s00515-3148-06-04-15-20n.hea.csv
196K,s00515-3148-06-10-10-44n.hea.csv
348K,s00549-2671-05-31-12-24n.hea.csv
204K,s00549-2671-06-02-16-18n.hea.csv
236K,s00565-3474-10-22-14-14n.hea.csv
1.9M,s00565-3474-10-24-13-47n.hea.csv
1.8M,s00608-2683-04-02-11-54n.hea.csv
228K,s00608-2683-04-16-08-12n.hea.csv
4.0K,s00608-2683-04-17-19-50n.hea.csv
460K,s00625-2706-03-31-03-12n.hea.csv
96K,s00625-2706-04-02-00-49n.hea.csv
1.6M,s00625-2706-04-02-10-42n.hea.csv
8.0K,s00625-2706-04-08-20-10n.hea.csv
144K,s00638-2668-11-25-12-59n.hea.csv
52K,s00650-2544-07-31-11-23n.hea.csv
4.0K,s00650-2544-08-04-00-17n.hea.csv
908K,s00668-3491-06-30-09-47n.hea.csv
640K,s00682-3128-07-27-12-58n.hea.csv
264K,s00695-2631-08-24-13-17n.hea.csv
84K,s00695-2631-08-26-01-59n.hea.csv
756K,s00695-2631-08-26-14-33n.hea.csv
284K,s00703-2568-07-07-15-45n.hea.csv
4.0K,s00708-2868-08-02-12-02n.hea.csv
1.2M,s00708-2868-08-02-12-43n.hea.csv
664K,s00710-3234-03-20-17-20n.hea.csv
772K,s00710-3234-03-27-15-47n.hea.csv
124K,s00719-3416-08-25-23-53n.hea.csv
188K,s00719-3416-08-27-06-11n.hea.csv
1.4M,s00719-3416-08-28-10-32n.hea.csv
696K,s00736-2596-10-10-00-22n.hea.csv
512K,s00749-2563-06-25-13-29n.hea.csv
624K,s00770-3329-03-10-18-22n.hea.csv
448K,s00770-3329-03-14-16-43n.hea.csv
332K,s00770-3329-03-17-14-36n.hea.csv
572K,s00772-2892-11-07-15-26n.hea.csv
468K,s00772-2892-11-11-14-21n.hea.csv
440K,s00787-2535-06-24-18-52n.hea.csv
1.1M,s00787-2535-06-26-13-20n.hea.csv
28K,s00787-2535-06-30-16-50n.hea.csv
1.5M,s00834-3173-09-25-05-17n.hea.csv
480K,s00834-3173-10-04-18-07n.hea.csv
136K,s00843-2781-09-16-17-57n.hea.csv
320K,s00843-2781-09-17-14-50n.hea.csv
352K,s00843-2781-09-19-14-49n.hea.csv
284K,s00865-3456-06-05-11-36n.hea.csv
164K,s00865-3456-06-08-20-40n.hea.csv
4.0K,s00865-3456-06-09-14-46n.hea.csv
856K,s00871-2502-04-01-20-04n.hea.csv
328K,s00871-2502-04-28-03-20n.hea.csv
160K,s00871-2502-04-29-15-34n.hea.csv
1.2M,s00871-2502-04-30-10-12n.hea.csv
500K,s00894-2746-08-20-22-25n.hea.csv
64K,s00894-2746-08-23-02-00n.hea.csv
1.5M,s00906-2653-04-20-10-08n.hea.csv
844K,s00907-3196-08-30-11-24n.hea.csv
172K,s00907-3196-09-02-16-45n.hea.csv
528K,s00907-3196-09-03-11-23n.hea.csv
464K,s00907-3196-09-13-17-08n.hea.csv
328K,s00907-3196-09-16-14-32n.hea.csv
560K,s00925-2542-05-07-13-35n.hea.csv
76K,s00981-3276-10-16-11-24n.hea.csv
72K,s01006-3361-09-08-13-35n.hea.csv
488K,s01006-3361-09-09-02-36n.hea.csv
440K,s01012-2816-05-10-23-01n.hea.csv
408K,s01021-3445-12-23-15-58n.hea.csv
260K,s01028-3459-03-23-15-41n.hea.csv
556K,s01028-3459-03-25-20-48n.hea.csv
404K,s01046-2639-09-09-17-06n.hea.csv
184K,s01072-3305-09-28-11-55n.hea.csv
20K,s01123-3042-03-29-04-19n.hea.csv
4.0K,s01123-3042-03-29-11-33n.hea.csv
688K,s01144-3060-09-04-16-53n.hea.csv
488K,s01217-2546-02-19-10-40n.hea.csv
32K,s01222-2773-06-30-19-13n.hea.csv
260K,s01222-2773-07-01-01-25n.hea.csv
32K,s01222-2773-07-02-11-48n.hea.csv
164K,s01222-2773-07-02-16-32n.hea.csv
92K,s01222-2773-07-03-16-09n.hea.csv
252K,s01222-2773-07-04-08-57n.hea.csv
596K,s01222-2773-07-05-17-37n.hea.csv
188K,s01222-2773-07-08-21-40n.hea.csv
120K,s01222-2773-07-09-23-18n.hea.csv
172K,s01222-2773-07-10-15-27n.hea.csv
972K,s01222-2773-07-11-14-51n.hea.csv
88K,s01222-2773-07-18-13-19n.hea.csv
352K,s01222-2773-07-19-05-13n.hea.csv
4.0K,s01222-2773-07-21-12-03n.hea.csv
1.3M,s01222-2773-07-21-21-30n.hea.csv
1.2M,s01222-2773-07-29-04-18n.hea.csv
1.5M,s01224-3223-08-18-18-00n.hea.csv
428K,s01224-3223-08-24-15-20n.hea.csv
20K,s01244-2621-10-04-05-00n.hea.csv
1.7M,s01244-2621-10-04-08-22n.hea.csv
192K,s01279-2726-09-14-13-38n.hea.csv
4.0K,s01280-3391-10-19-15-20n.hea.csv
92K,s01280-3391-10-19-23-53n.hea.csv
908K,s01313-3034-06-09-14-31n.hea.csv
288K,s01357-2847-04-19-19-56n.hea.csv
280K,s01378-3117-06-03-22-51n.hea.csv
92K,s01396-2710-09-13-18-58n.hea.csv
336K,s01398-2612-07-15-21-25n.hea.csv
300K,s01408-2713-08-25-00-05n.hea.csv
136K,s01414-3118-03-21-16-02n.hea.csv
4.0K,s01418-2947-11-14-10-49n.hea.csv
220K,s01418-2947-11-14-12-10n.hea.csv
1.2M,s01449-2835-10-05-15-08n.hea.csv
636K,s01485-3064-07-04-14-29n.hea.csv
852K,s01502-2719-07-27-20-26n.hea.csv
176K,s01524-2585-07-15-12-57n.hea.csv
4.0K,s01551-3079-08-17-22-37n.hea.csv
1.1M,s01551-3079-08-18-00-26n.hea.csv
1.2M,s01586-3266-09-01-20-00n.hea.csv
20K,s01586-3266-09-06-16-51n.hea.csv
156K,s01604-2883-06-04-16-57n.hea.csv
292K,s01604-2883-06-05-15-47n.hea.csv
504K,s01604-2883-06-07-14-17n.hea.csv
116K,s01604-2883-06-10-20-53n.hea.csv
64K,s01613-3089-03-05-08-55n.hea.csv
292K,s01613-3089-03-05-19-30n.hea.csv
1.3M,s01613-3089-03-11-11-37n.hea.csv
60K,s01650-3106-09-07-12-58n.hea.csv
4.0K,s01693-2718-07-23-14-27n.hea.csv
396K,s01693-2718-07-23-14-42n.hea.csv
496K,s01778-3470-12-22-14-14n.hea.csv
1.6M,s01785-2552-01-06-12-34n.hea.csv
1.5M,s01785-2552-01-13-14-12n.hea.csv
144K,s01785-2552-01-20-14-02n.hea.csv
136K,s01818-3222-07-27-00-03n.hea.csv
64K,s01818-3222-07-27-21-30n.hea.csv
164K,s01824-3288-09-21-12-42n.hea.csv
36K,s01854-3250-07-08-20-26n.hea.csv
252K,s01854-3250-07-09-02-59n.hea.csv
340K,s01861-3466-03-19-18-52n.hea.csv
28K,s01861-3466-03-21-23-35n.hea.csv
292K,s01885-2547-07-21-12-59n.hea.csv
212K,s01888-3143-02-09-12-11n.hea.csv
144K,s01888-3143-02-10-14-50n.hea.csv
152K,s01888-3143-02-11-14-02n.hea.csv
408K,s01892-2785-07-15-20-47n.hea.csv
76K,s01892-2785-07-18-00-52n.hea.csv
444K,s01900-2506-08-20-17-57n.hea.csv
236K,s01931-3027-08-14-01-22n.hea.csv
168K,s01931-3027-08-15-13-58n.hea.csv
884K,s01932-3102-05-16-15-25n.hea.csv
1.8M,s01941-3293-08-12-17-48n.hea.csv
220K,s01941-3293-08-20-12-33n.hea.csv
500K,s01944-2567-05-23-22-46n.hea.csv
52K,s01944-2567-05-26-14-59n.hea.csv
908K,s01950-3274-06-27-15-04n.hea.csv
72K,s01950-3274-07-01-10-54n.hea.csv
36K,s01950-3274-07-01-18-59n.hea.csv
1.1M,s01950-3274-07-02-00-42n.hea.csv
696K,s01973-3287-03-12-14-08n.hea.csv
4.0K,s01973-3287-03-15-14-12n.hea.csv
380K,s01973-3287-03-15-21-55n.hea.csv
668K,s02014-3140-03-29-12-07n.hea.csv
8.0K,s02014-3140-04-02-14-41n.hea.csv
76K,s02049-2943-06-10-01-52n.hea.csv
160K,s02049-2943-06-10-15-04n.hea.csv
964K,s02075-3399-10-11-11-24n.hea.csv
8.0K,s02075-3399-10-17-08-50n.hea.csv
544K,s02148-3239-09-16-14-34n.hea.csv
672K,s02148-3239-09-19-16-59n.hea.csv
524K,s02148-3239-09-23-11-25n.hea.csv
1.2M,s02148-3239-09-26-09-54n.hea.csv
4.0K,s02172-2970-09-24-18-15n.hea.csv
524K,s02172-2970-09-25-04-06n.hea.csv
196K,s02185-3316-10-07-14-53n.hea.csv
708K,s02185-3316-10-08-12-17n.hea.csv
2.4M,s02213-2650-12-08-10-40n.hea.csv
132K,s02213-2650-12-18-15-28n.hea.csv
480K,s02224-2758-10-05-20-48n.hea.csv
716K,s02229-3115-05-25-03-34n.hea.csv
1.6M,s02240-2677-08-29-18-49n.hea.csv
624K,s02251-3453-07-11-17-15n.hea.csv
252K,s02264-2918-04-11-20-16n.hea.csv
40K,s02264-2918-04-13-17-57n.hea.csv
232K,s02264-2918-04-14-04-48n.hea.csv
404K,s02265-3100-09-07-11-24n.hea.csv
740K,s02280-2981-02-01-12-33n.hea.csv
116K,s02280-2981-02-05-18-31n.hea.csv
1.7M,s02280-2981-02-06-09-48n.hea.csv
220K,s02280-2981-02-13-18-33n.hea.csv
100K,s02280-2981-02-15-14-04n.hea.csv
352K,s02317-3258-05-02-19-54n.hea.csv
820K,s02317-3258-05-04-19-30n.hea.csv
32K,s02332-3037-04-16-20-58n.hea.csv
652K,s02332-3037-04-17-02-28n.hea.csv
452K,s02340-2579-10-21-14-42n.hea.csv
728K,s02340-2579-10-23-13-18n.hea.csv
212K,s02361-3261-11-29-13-39n.hea.csv
956K,s02362-2512-03-16-16-44n.hea.csv
896K,s02395-3284-02-24-16-02n.hea.csv
1.6M,s02397-3481-11-15-05-20n.hea.csv
948K,s02466-3336-02-22-14-51n.hea.csv
164K,s02479-3061-09-13-15-58n.hea.csv
372K,s02480-2734-10-30-18-41n.hea.csv
448K,s02488-3387-07-17-22-23n.hea.csv
3.5M,s02488-3387-07-19-18-07n.hea.csv
332K,s02492-3132-07-29-12-57n.hea.csv
196K,s02498-3448-05-28-21-09n.hea.csv
664K,s02514-3241-05-17-16-34n.hea.csv
24K,s02514-3241-05-21-11-33n.hea.csv
768K,s02514-3241-05-21-15-52n.hea.csv
168K,s02549-2766-03-19-11-09n.hea.csv
1.4M,s02549-2766-03-20-16-31n.hea.csv
1.5M,s02561-2850-10-10-09-48n.hea.csv
1.8M,s02561-2850-10-21-14-34n.hea.csv
312K,s02561-2850-11-01-15-44n.hea.csv
136K,s02565-2970-02-08-03-18n.hea.csv
460K,s02598-2591-03-08-10-43n.hea.csv
296K,s02619-3219-10-03-11-51n.hea.csv
836K,s02664-3147-09-18-17-54n.hea.csv
1.1M,s02700-3028-12-03-14-31n.hea.csv
16K,s02700-3028-12-08-23-12n.hea.csv
44K,s02700-3028-12-09-03-05n.hea.csv
632K,s02754-3036-02-06-10-41n.hea.csv
416K,s02755-2581-09-19-21-11n.hea.csv
92K,s02755-2581-09-21-20-29n.hea.csv
620K,s02755-2581-09-22-06-26n.hea.csv
172K,s02755-2581-09-24-21-31n.hea.csv
580K,s02755-2581-09-25-16-22n.hea.csv
396K,s02773-3275-10-11-11-25n.hea.csv
44K,s02787-3093-06-10-05-42n.hea.csv
148K,s02787-3093-06-10-15-10n.hea.csv
928K,s02827-3500-09-22-00-02n.hea.csv
888K,s02827-3500-09-25-14-08n.hea.csv
8.0K,s02827-3500-09-29-19-37n.hea.csv
236K,s02834-3221-07-09-23-42n.hea.csv
180K,s02834-3221-07-11-12-23n.hea.csv
4.0K,s02834-3221-07-12-17-48n.hea.csv
8.0K,s02917-2812-06-26-17-40n.hea.csv
88K,s02917-2812-06-26-19-48n.hea.csv
208K,s03021-3297-09-03-18-35n.hea.csv
44K,s03052-2786-08-29-14-41n.hea.csv
216K,s03052-2786-08-29-20-05n.hea.csv
192K,s03097-2581-08-08-13-09n.hea.csv
224K,s03099-2514-06-27-17-56n.hea.csv
192K,s03133-3280-05-18-00-10n.hea.csv
40K,s03138-3394-08-27-09-18n.hea.csv
176K,s03138-3394-08-27-16-30n.hea.csv
108K,s03171-2691-12-13-23-06n.hea.csv
384K,s03174-3057-05-07-16-02n.hea.csv
324K,s03176-2720-04-22-14-19n.hea.csv
276K,s03176-2720-04-24-19-48n.hea.csv
196K,s03192-2596-11-15-13-38n.hea.csv
4.0K,s03214-3353-07-31-23-21n.hea.csv
592K,s03214-3353-08-01-14-29n.hea.csv
400K,s03214-3353-08-04-18-12n.hea.csv
64K,s03214-3353-08-06-10-22n.hea.csv
712K,s03218-2788-09-23-14-56n.hea.csv
116K,s03221-3250-11-24-00-17n.hea.csv
120K,s03221-3250-11-24-19-52n.hea.csv
800K,s03245-2657-12-11-21-30n.hea.csv
176K,s03245-2657-12-16-10-02n.hea.csv
2.0M,s03250-2714-09-25-23-57n.hea.csv
164K,s03266-2834-04-09-11-05n.hea.csv
964K,s03272-2786-09-08-16-40n.hea.csv
612K,s03279-2984-08-26-14-42n.hea.csv
776K,s03290-3128-07-05-12-06n.hea.csv
148K,s03302-2525-12-01-03-32n.hea.csv
776K,s03302-2525-12-02-00-39n.hea.csv
220K,s03321-3185-07-01-17-25n.hea.csv
28K,s03330-2778-10-19-14-42n.hea.csv
1.2M,s03330-2778-10-19-19-38n.hea.csv
636K,s03330-2778-10-24-16-16n.hea.csv
504K,s03340-2599-03-17-18-31n.hea.csv
8.0K,s03340-2599-03-20-22-56n.hea.csv
528K,s03351-2885-08-03-20-18n.hea.csv
144K,s03358-3267-08-15-13-55n.hea.csv
616K,s03365-3006-11-24-16-07n.hea.csv
1.8M,s03372-2689-03-18-09-22n.hea.csv
24K,s03372-2689-04-01-09-04n.hea.csv
624K,s03462-3335-08-12-17-53n.hea.csv
4.0K,s03466-3043-09-09-18-01n.hea.csv
984K,s03466-3043-09-09-22-55n.hea.csv
120K,s03473-3106-10-11-18-44n.hea.csv
1.1M,s03474-3371-04-24-22-52n.hea.csv
456K,s03474-3371-04-27-12-15n.hea.csv
580K,s03474-3371-04-29-12-53n.hea.csv
320K,s03498-2759-12-05-21-51n.hea.csv
484K,s03506-3429-06-17-10-16n.hea.csv
600K,s03513-3446-06-08-19-10n.hea.csv
504K,s03521-2815-10-16-13-55n.hea.csv
2.2M,s03521-2815-10-18-15-24n.hea.csv
4.0K,s03521-2815-10-18-16-18n.hea.csv
1004K,s03521-2815-10-27-14-08n.hea.csv
908K,s03533-2504-05-02-22-35n.hea.csv
32K,s03570-3277-05-21-16-33n.hea.csv
584K,s03570-3277-05-21-21-39n.hea.csv
280K,s03586-2673-02-19-06-16n.hea.csv
4.0K,s03586-2673-02-21-00-49n.hea.csv
232K,s03593-3142-11-18-16-50n.hea.csv
16K,s03593-3142-11-19-20-58n.hea.csv
8.0K,s03619-2966-09-18-04-23n.hea.csv
216K,s03619-2966-10-01-11-44n.hea.csv
420K,s03622-2665-04-13-14-21n.hea.csv
516K,s03622-2665-04-16-02-57n.hea.csv
12K,s03622-2665-04-19-03-57n.hea.csv
520K,s03623-2589-07-23-15-54n.hea.csv
376K,s03623-2589-07-28-02-11n.hea.csv
252K,s03623-2589-07-30-12-08n.hea.csv
12K,s03623-2589-08-01-04-43n.hea.csv
180K,s03626-2794-09-01-16-22n.hea.csv
84K,s03633-3184-05-25-20-50n.hea.csv
16K,s03633-3184-05-26-11-19n.hea.csv
300K,s03673-3403-03-26-23-13n.hea.csv
4.0K,s03675-3283-10-20-15-59n.hea.csv
140K,s03675-3283-10-20-17-19n.hea.csv
976K,s03675-3283-10-21-14-37n.hea.csv
168K,s03680-3289-08-03-18-49n.hea.csv
280K,s03680-3289-08-04-13-00n.hea.csv
76K,s03680-3289-08-05-19-44n.hea.csv
528K,s03680-3289-08-06-11-48n.hea.csv
252K,s03745-3024-06-27-13-23n.hea.csv
88K,s03748-3098-07-20-04-10n.hea.csv
168K,s03748-3098-07-20-18-30n.hea.csv
2.1M,s03764-3082-04-15-10-41n.hea.csv
420K,s03764-3082-05-01-09-04n.hea.csv
8.0K,s03764-3082-05-04-06-56n.hea.csv
128K,s03794-2878-01-26-10-42n.hea.csv
128K,s03794-2878-01-27-14-03n.hea.csv
728K,s03798-3319-09-22-08-19n.hea.csv
616K,s03798-3319-09-25-17-21n.hea.csv
148K,s03821-2758-03-07-22-27n.hea.csv
4.0K,s03853-3004-10-02-22-16n.hea.csv
124K,s03853-3004-10-02-23-23n.hea.csv
2.0M,s03860-2949-09-17-03-32n.hea.csv
3.4M,s03860-2949-09-26-07-44n.hea.csv
272K,s03863-2651-08-20-18-48n.hea.csv
4.0K,s03863-2651-08-22-07-21n.hea.csv
8.0K,s03863-2651-08-22-14-11n.hea.csv
716K,s03883-2840-03-05-11-22n.hea.csv
156K,s03884-2522-04-01-14-13n.hea.csv
128K,s03886-2645-12-23-18-29n.hea.csv
228K,s03889-2718-01-14-11-35n.hea.csv
72K,s03914-2526-10-19-19-27n.hea.csv
584K,s03914-2526-10-20-04-36n.hea.csv
708K,s03914-2526-10-22-14-07n.hea.csv
940K,s03914-2528-09-24-17-05n.hea.csv
308K,s03929-3167-11-20-19-43n.hea.csv
132K,s03929-3167-11-22-16-09n.hea.csv
3.1M,s03932-3236-01-31-12-33n.hea.csv
144K,s03932-3236-02-14-14-02n.hea.csv
4.0K,s03986-3063-04-30-15-23n.hea.csv
108K,s03986-3063-04-30-18-46n.hea.csv
132K,s03986-3063-05-01-21-09n.hea.csv
52K,s03986-3063-05-02-16-17n.hea.csv
96K,s03986-3063-05-03-00-38n.hea.csv
124K,s03986-3063-05-03-17-38n.hea.csv
56K,s03992-2531-09-18-14-26n.hea.csv
268K,s03995-3324-03-21-10-42n.hea.csv
820K,s03995-3324-03-23-08-49n.hea.csv
1012K,s04041-2852-04-25-14-20n.hea.csv
16K,s04041-2852-05-01-02-42n.hea.csv
40K,s04059-2611-08-15-14-55n.hea.csv
656K,s04059-2611-08-16-00-17n.hea.csv
3.5M,s04064-2660-08-07-19-26n.hea.csv
2.2M,s04064-2660-08-21-19-53n.hea.csv
1.9M,s04064-2660-08-30-18-01n.hea.csv
1004K,s04064-2660-09-07-14-29n.hea.csv
680K,s04064-2660-09-11-21-03n.hea.csv
228K,s04076-2700-03-12-13-36n.hea.csv
172K,s04077-2847-07-28-15-42n.hea.csv
4.0K,s04077-2847-07-29-22-47n.hea.csv
84K,s04113-2760-06-29-22-45n.hea.csv
404K,s04113-2760-06-30-12-14n.hea.csv
16K,s04113-2760-07-03-02-03n.hea.csv
424K,s04136-3488-11-06-23-18n.hea.csv
436K,s04194-3037-12-15-14-27n.hea.csv
544K,s04252-2942-10-16-13-39n.hea.csv
564K,s04266-2995-10-09-09-12n.hea.csv
260K,s04266-2995-10-12-23-37n.hea.csv
4.0K,s04266-2995-10-14-16-12n.hea.csv
216K,s04270-3408-12-15-06-16n.hea.csv
1.3M,s04286-2819-09-15-09-19n.hea.csv
676K,s04317-2599-11-07-14-45n.hea.csv
512K,s04317-2599-11-11-11-32n.hea.csv
204K,s04329-2546-12-01-11-33n.hea.csv
36K,s04338-3450-10-08-04-34n.hea.csv
172K,s04347-3112-08-05-22-58n.hea.csv
1.2M,s04347-3112-08-06-16-49n.hea.csv
4.0K,s04347-3112-08-06-18-12n.hea.csv
760K,s04348-2838-10-08-17-12n.hea.csv
432K,s04348-2838-10-12-14-08n.hea.csv
44K,s04362-2956-10-26-08-23n.hea.csv
312K,s04362-2956-10-26-16-07n.hea.csv
748K,s04369-2538-08-28-13-15n.hea.csv
316K,s04393-3381-07-05-09-48n.hea.csv
636K,s04401-3016-12-03-19-13n.hea.csv
4.0K,s04401-3016-12-06-11-47n.hea.csv
1.3M,s04406-3355-04-15-10-44n.hea.csv
124K,s04420-2582-05-17-13-07n.hea.csv
520K,s04420-2582-05-18-08-39n.hea.csv
56K,s04448-3225-04-08-10-43n.hea.csv
1.5M,s04448-3225-04-08-19-56n.hea.csv
84K,s04451-3132-04-21-00-09n.hea.csv
1.3M,s04457-2935-09-02-11-24n.hea.csv
408K,s04465-2927-08-21-11-56n.hea.csv
140K,s04481-2991-10-24-17-02n.hea.csv
108K,s04520-2806-08-28-17-33n.hea.csv
1.1M,s04520-2806-09-15-11-23n.hea.csv
144K,s04565-2930-06-04-03-11n.hea.csv
1.4M,s04566-2998-05-08-19-21n.hea.csv
212K,s04566-2998-05-14-12-04n.hea.csv
4.0K,s04568-3496-06-16-20-33n.hea.csv
156K,s04568-3496-06-17-09-00n.hea.csv
4.0K,s04599-2772-06-02-19-01n.hea.csv
468K,s04599-2772-06-03-01-34n.hea.csv
328K,s04599-2772-06-05-16-27n.hea.csv
324K,s04599-2772-06-07-17-10n.hea.csv
4.0K,s04599-2772-06-09-13-06n.hea.csv
488K,s04599-2772-10-07-20-20n.hea.csv
148K,s04599-2772-10-10-15-55n.hea.csv
160K,s04599-2772-10-11-12-30n.hea.csv
1.7M,s04633-2982-06-14-12-22n.hea.csv
852K,s04633-2982-06-25-14-27n.hea.csv
12K,s04655-3072-02-12-08-14n.hea.csv
164K,s04655-3072-02-12-11-56n.hea.csv
1.3M,s04656-3022-07-19-12-58n.hea.csv
252K,s04656-3022-07-24-12-08n.hea.csv
280K,s04656-3022-07-25-12-52n.hea.csv
496K,s04656-3022-07-26-15-31n.hea.csv
484K,s04656-3022-07-28-14-09n.hea.csv
276K,s04685-2812-01-26-16-06n.hea.csv
1.5M,s04685-2812-01-27-20-04n.hea.csv
32K,s04685-2812-02-11-10-41n.hea.csv
316K,s04685-2812-02-11-18-01n.hea.csv
776K,s04685-2812-02-13-18-52n.hea.csv
456K,s04685-2812-02-18-16-12n.hea.csv
288K,s04685-2812-02-21-14-54n.hea.csv
8.0K,s04685-2812-02-27-08-12n.hea.csv
2.3M,s04688-3298-09-27-17-49n.hea.csv
132K,s04688-3298-10-06-21-13n.hea.csv
1.8M,s04738-3001-03-12-15-59n.hea.csv
20K,s04742-2934-11-15-13-04n.hea.csv
132K,s04742-2934-11-15-15-32n.hea.csv
108K,s04742-2934-11-16-14-09n.hea.csv
336K,s04771-3313-04-08-11-22n.hea.csv
36K,s04778-2757-02-28-13-59n.hea.csv
624K,s04778-2757-02-28-21-05n.hea.csv
532K,s04784-3070-06-27-12-49n.hea.csv
28K,s04803-3245-08-09-16-16n.hea.csv
1.1M,s04803-3245-08-10-17-00n.hea.csv
112K,s04805-2808-01-06-21-49n.hea.csv
132K,s04805-2808-01-07-15-40n.hea.csv
24K,s04805-2808-01-08-12-32n.hea.csv
176K,s04808-2954-07-29-12-10n.hea.csv
432K,s04847-2990-10-27-16-59n.hea.csv
20K,s04852-3005-11-22-11-17n.hea.csv
336K,s04852-3005-11-22-13-11n.hea.csv
4.0K,s04853-3266-10-01-16-30n.hea.csv
136K,s04853-3266-10-03-20-50n.hea.csv
216K,s04862-2774-08-29-14-42n.hea.csv
656K,s04870-2587-11-19-14-37n.hea.csv
436K,s04893-2664-10-11-20-36n.hea.csv
96K,s04894-3299-07-29-01-06n.hea.csv
256K,s04894-3299-07-29-15-22n.hea.csv
16K,s04894-3299-07-31-04-19n.hea.csv
16K,s04894-3299-07-31-08-13n.hea.csv
2.6M,s04909-3403-12-20-15-57n.hea.csv
976K,s04915-2692-07-06-16-52n.hea.csv
476K,s04915-2692-07-15-12-20n.hea.csv
168K,s04915-2692-07-18-13-03n.hea.csv
544K,s04944-3357-09-02-17-07n.hea.csv
364K,s04944-3357-09-07-09-18n.hea.csv
48K,s04944-3357-09-09-13-47n.hea.csv
1.8M,s04968-3206-05-02-19-46n.hea.csv
172K,s05023-2579-09-20-12-24n.hea.csv
940K,s05107-3102-08-20-22-13n.hea.csv
728K,s05114-2514-11-13-13-17n.hea.csv
2.1M,s05126-2833-06-04-18-11n.hea.csv
676K,s05163-2905-09-28-04-16n.hea.csv
28K,s05175-3421-03-26-23-49n.hea.csv
44K,s05175-3421-03-27-08-13n.hea.csv
316K,s05198-2647-08-11-18-49n.hea.csv
12K,s05198-2647-08-14-10-57n.hea.csv
20K,s05198-2647-08-14-22-09n.hea.csv
364K,s05199-2727-03-12-22-33n.hea.csv
352K,s05201-2991-01-27-09-00n.hea.csv
224K,s05205-3394-04-08-10-44n.hea.csv
448K,s05205-3394-04-09-21-43n.hea.csv
196K,s05237-2926-10-24-11-50n.hea.csv
496K,s05282-3437-08-03-21-36n.hea.csv
8.0K,s05282-3437-08-06-20-39n.hea.csv
24K,s05289-3007-07-15-18-49n.hea.csv
88K,s05289-3007-07-16-00-10n.hea.csv
1.4M,s05289-3007-09-15-20-37n.hea.csv
1.3M,s05307-3500-12-25-14-47n.hea.csv
28K,s05321-2607-05-19-08-38n.hea.csv
300K,s05321-2607-05-19-13-40n.hea.csv
136K,s05336-2907-05-23-09-56n.hea.csv
716K,s05336-2907-05-24-10-54n.hea.csv
704K,s05343-3025-09-14-18-49n.hea.csv
1.2M,s05343-3025-09-18-13-47n.hea.csv
556K,s05354-3074-10-11-05-39n.hea.csv
1.1M,s05369-3029-10-11-03-54n.hea.csv
1000K,s05369-3029-10-27-15-58n.hea.csv
176K,s05369-3029-11-03-10-45n.hea.csv
208K,s05407-3206-09-21-15-52n.hea.csv
452K,s05407-3206-09-22-13-10n.hea.csv
144K,s05451-2756-02-21-20-34n.hea.csv
20K,s05478-3055-09-16-15-10n.hea.csv
932K,s05478-3055-09-17-19-03n.hea.csv
392K,s05485-2715-06-13-18-58n.hea.csv
560K,s05496-2574-10-03-15-18n.hea.csv
192K,s05506-2794-06-10-12-22n.hea.csv
348K,s05521-3010-02-27-22-54n.hea.csv
44K,s05521-3010-03-05-11-38n.hea.csv
8.0K,s05549-3477-09-02-20-14n.hea.csv
36K,s05574-2888-10-28-15-20n.hea.csv
40K,s05574-2888-10-29-05-07n.hea.csv
16K,s05574-2888-10-29-13-13n.hea.csv
4.0K,s05591-3486-05-19-03-02n.hea.csv
128K,s05591-3486-05-19-16-38n.hea.csv
720K,s05606-2566-07-16-13-15n.hea.csv
704K,s05606-2566-07-19-12-06n.hea.csv
4.0K,s05606-2566-07-20-11-32n.hea.csv
4.0K,s05637-2930-08-27-18-51n.hea.csv
276K,s05637-2930-08-27-22-33n.hea.csv
440K,s05642-2863-11-01-23-17n.hea.csv
332K,s05642-2863-11-04-18-22n.hea.csv
396K,s05686-3150-07-07-15-46n.hea.csv
4.0K,s05701-3150-01-03-19-59n.hea.csv
144K,s05701-3150-01-04-04-48n.hea.csv
376K,s05710-3175-06-10-23-37n.hea.csv
1.1M,s05710-3175-06-12-12-34n.hea.csv
124K,s05714-3416-12-04-06-52n.hea.csv
24K,s05714-3416-12-05-03-25n.hea.csv
140K,s05738-3452-07-19-17-58n.hea.csv
588K,s05748-3004-08-10-11-24n.hea.csv
360K,s05748-3004-08-13-19-11n.hea.csv
104K,s05748-3004-08-15-21-40n.hea.csv
12K,s05784-2558-09-23-14-10n.hea.csv
616K,s05784-2558-09-23-16-51n.hea.csv
96K,s05786-2825-09-20-11-22n.hea.csv
176K,s05786-2825-09-21-01-12n.hea.csv
140K,s05786-2825-09-21-21-40n.hea.csv
812K,s05786-2825-09-22-17-56n.hea.csv
976K,s05818-2800-04-18-10-43n.hea.csv
492K,s05832-2874-11-27-04-41n.hea.csv
464K,s05847-2861-02-08-10-42n.hea.csv
188K,s05871-3188-07-09-09-38n.hea.csv
4.0K,s05871-3188-07-10-14-53n.hea.csv
440K,s05879-2928-03-22-16-08n.hea.csv
140K,s05908-2606-11-13-13-14n.hea.csv
68K,s05911-3280-08-16-11-25n.hea.csv
816K,s05933-3391-04-08-10-29n.hea.csv
20K,s05960-3259-08-08-11-21n.hea.csv
920K,s05960-3259-08-08-14-42n.hea.csv
1.5M,s05960-3259-08-15-14-34n.hea.csv
600K,s05995-3498-11-04-17-05n.hea.csv
4.0K,s06010-3447-11-08-15-10n.hea.csv
696K,s06010-3447-11-08-17-22n.hea.csv
4.0K,s06010-3447-11-11-23-34n.hea.csv
964K,s06017-2634-11-27-12-35n.hea.csv
1.1M,s06042-2828-10-13-18-23n.hea.csv
636K,s06042-2828-10-20-18-01n.hea.csv
1.2M,s06042-2828-10-27-14-34n.hea.csv
1008K,s06042-2828-11-01-18-03n.hea.csv
24K,s06042-2828-11-05-23-17n.hea.csv
1008K,s06053-2896-08-29-19-28n.hea.csv
72K,s06053-2896-09-04-10-38n.hea.csv
1.1M,s06107-2766-03-29-20-37n.hea.csv
104K,s06145-3225-07-11-20-12n.hea.csv
328K,s06145-3225-07-12-12-50n.hea.csv
4.0K,s06145-3225-07-14-15-42n.hea.csv
700K,s06145-3225-07-16-13-19n.hea.csv
348K,s06145-3225-07-20-14-20n.hea.csv
2.0M,s06145-3225-07-22-17-38n.hea.csv
732K,s06145-3225-08-30-21-30n.hea.csv
852K,s06145-3225-09-04-10-02n.hea.csv
196K,s06145-3225-09-25-14-44n.hea.csv
748K,s06145-3225-09-26-16-20n.hea.csv
16K,s06145-3225-09-30-20-52n.hea.csv
328K,s06180-3240-12-16-19-33n.hea.csv
32K,s06194-2578-09-11-11-27n.hea.csv
504K,s06202-3068-08-11-08-59n.hea.csv
232K,s06202-3068-08-13-15-42n.hea.csv
4.0K,s06204-3443-09-17-20-04n.hea.csv
576K,s06204-3443-09-18-03-23n.hea.csv
768K,s06204-3443-09-21-18-07n.hea.csv
8.0K,s06206-2591-11-14-13-34n.hea.csv
120K,s06206-2591-11-14-16-36n.hea.csv
172K,s06206-2591-11-15-11-47n.hea.csv
160K,s06206-2591-11-16-15-26n.hea.csv
32K,s06214-3333-06-10-16-26n.hea.csv
36K,s06233-2970-07-27-18-53n.hea.csv
608K,s06233-2970-07-28-01-09n.hea.csv
544K,s06254-3289-08-31-18-51n.hea.csv
4.0K,s06256-2935-10-16-15-35n.hea.csv
668K,s06256-2935-10-18-08-13n.hea.csv
40K,s06294-3246-10-12-11-27n.hea.csv
224K,s06323-2982-10-28-13-00n.hea.csv
928K,s06335-2789-08-21-11-24n.hea.csv
16K,s06338-2840-03-22-11-12n.hea.csv
944K,s06338-2840-03-22-17-35n.hea.csv
512K,s06349-3388-07-16-12-24n.hea.csv
680K,s06349-3388-07-18-16-50n.hea.csv
1.7M,s06349-3388-07-21-16-53n.hea.csv
976K,s06358-2978-03-19-12-02n.hea.csv
2.0M,s06365-2766-07-22-12-58n.hea.csv
856K,s06365-2766-08-19-11-23n.hea.csv
264K,s06382-3288-03-16-12-00n.hea.csv
80K,s06382-3288-03-17-23-51n.hea.csv
1.3M,s06382-3288-03-22-09-04n.hea.csv
4.0K,s06407-2683-04-26-16-43n.hea.csv
556K,s06407-2683-04-27-12-46n.hea.csv
4.0K,s06407-2683-04-30-16-33n.hea.csv
284K,s06411-2559-10-08-20-24n.hea.csv
164K,s06411-2559-10-10-16-03n.hea.csv
164K,s06455-2755-10-06-21-57n.hea.csv
2.5M,s06464-3072-04-20-15-45n.hea.csv
688K,s06470-3374-10-08-18-54n.hea.csv
424K,s06470-3374-11-02-09-59n.hea.csv
672K,s06478-2942-05-25-14-05n.hea.csv
1.8M,s06519-3223-11-04-01-48n.hea.csv
484K,s06522-2876-02-06-03-46n.hea.csv
1.3M,s06535-2997-10-27-14-58n.hea.csv
32K,s06553-2650-10-25-09-06n.hea.csv
68K,s06553-2650-10-25-13-55n.hea.csv
180K,s06555-2617-08-12-08-33n.hea.csv
324K,s06555-2617-08-13-14-45n.hea.csv
792K,s06555-2617-08-15-16-16n.hea.csv
116K,s06555-2617-08-20-18-48n.hea.csv
160K,s06555-2617-08-21-14-49n.hea.csv
436K,s06561-2572-01-29-14-02n.hea.csv
224K,s06561-2572-01-31-20-45n.hea.csv
1.1M,s06561-2572-02-01-19-37n.hea.csv
672K,s06566-2524-08-18-13-01n.hea.csv
44K,s06566-2524-08-22-10-13n.hea.csv
8.0K,s06566-2524-08-22-17-52n.hea.csv
404K,s06601-2803-08-22-11-26n.hea.csv
276K,s06607-2640-08-20-12-25n.hea.csv
720K,s06621-2523-10-04-13-10n.hea.csv
312K,s06636-3344-10-27-13-41n.hea.csv
8.0K,s06636-3344-10-29-16-49n.hea.csv
344K,s06637-2564-10-12-17-10n.hea.csv
952K,s06637-2564-10-14-17-42n.hea.csv
72K,s06659-3126-04-27-00-10n.hea.csv
1.4M,s06659-3126-04-27-11-59n.hea.csv
28K,s06659-3126-05-03-07-39n.hea.csv
12K,s06667-3231-03-28-15-15n.hea.csv
232K,s06667-3231-03-28-19-08n.hea.csv
372K,s06667-3231-03-30-20-32n.hea.csv
1.7M,s06667-3231-04-10-18-21n.hea.csv
88K,s06673-3460-04-17-04-38n.hea.csv
156K,s06688-2899-06-17-13-17n.hea.csv
340K,s06707-3096-07-03-19-46n.hea.csv
272K,s06804-3316-04-03-18-58n.hea.csv
544K,s06804-3316-04-05-12-33n.hea.csv
148K,s06804-3316-04-08-14-08n.hea.csv
876K,s06804-3316-04-09-11-51n.hea.csv
20K,s06804-3316-04-14-11-43n.hea.csv
164K,s06809-2526-11-27-16-46n.hea.csv
4.0K,s06809-2526-11-29-01-08n.hea.csv
300K,s06809-2526-12-01-12-02n.hea.csv
16K,s06809-2526-12-03-15-37n.hea.csv
2.5M,s06841-3488-04-22-17-22n.hea.csv
192K,s06869-3308-08-31-13-00n.hea.csv
72K,s06869-3308-09-02-05-23n.hea.csv
1.3M,s06889-3366-12-16-15-57n.hea.csv
1.6M,s06889-3366-12-22-11-42n.hea.csv
436K,s06889-3366-12-29-16-17n.hea.csv
404K,s06889-3366-12-31-15-59n.hea.csv
960K,s06892-2918-12-02-22-04n.hea.csv
4.0K,s06892-2918-12-07-17-57n.hea.csv
136K,s06892-2918-12-07-19-52n.hea.csv
76K,s06933-3355-11-21-05-35n.hea.csv
628K,s06933-3355-11-21-22-58n.hea.csv
772K,s06933-3355-11-25-13-31n.hea.csv
2.2M,s06944-2548-12-17-16-00n.hea.csv
448K,s06944-2548-12-27-14-21n.hea.csv
1.1M,s06944-2548-12-29-16-42n.hea.csv
16K,s06953-3303-06-12-15-28n.hea.csv
340K,s06953-3303-06-12-20-36n.hea.csv
1.1M,s06967-2771-08-27-13-17n.hea.csv
284K,s06981-3066-08-06-16-03n.hea.csv
592K,s06983-3369-06-21-22-06n.hea.csv
92K,s06988-3094-11-08-18-15n.hea.csv
520K,s06988-3094-11-09-10-07n.hea.csv
504K,s07125-3030-09-19-20-33n.hea.csv
192K,s07125-3030-09-22-16-58n.hea.csv
136K,s07125-3030-09-23-18-43n.hea.csv
688K,s07125-3030-09-24-13-56n.hea.csv
156K,s07136-3326-09-19-16-41n.hea.csv
428K,s07172-3254-09-11-21-45n.hea.csv
296K,s07172-3254-09-14-19-57n.hea.csv
104K,s07172-3254-09-16-16-53n.hea.csv
40K,s07172-3254-09-17-08-48n.hea.csv
580K,s07183-3202-04-08-11-18n.hea.csv
108K,s07183-3202-04-11-17-29n.hea.csv
1.5M,s07212-3206-10-12-10-48n.hea.csv
280K,s07213-2893-12-24-12-10n.hea.csv
12K,s07217-2731-02-27-20-34n.hea.csv
152K,s07217-2731-02-28-00-07n.hea.csv
712K,s07224-3201-11-27-16-40n.hea.csv
72K,s07224-3201-11-30-13-43n.hea.csv
856K,s07224-3201-11-30-20-26n.hea.csv
204K,s07225-3387-10-24-15-02n.hea.csv
52K,s07225-3387-10-26-08-09n.hea.csv
460K,s07262-3486-04-11-15-06n.hea.csv
356K,s07262-3486-04-13-19-01n.hea.csv
28K,s07262-3486-04-15-12-05n.hea.csv
112K,s07263-2649-12-04-15-58n.hea.csv
164K,s07289-2599-03-07-12-55n.hea.csv
60K,s07289-2599-03-08-10-03n.hea.csv
4.0K,s07297-3300-08-25-00-32n.hea.csv
356K,s07297-3300-08-25-11-29n.hea.csv
84K,s07347-3334-11-06-00-00n.hea.csv
356K,s07347-3334-11-06-14-56n.hea.csv
4.0K,s07360-3271-07-02-11-58n.hea.csv
100K,s07360-3271-07-03-21-21n.hea.csv
8.0K,s07360-3271-07-04-14-46n.hea.csv
332K,s07381-3335-10-05-21-53n.hea.csv
944K,s07381-3335-10-07-16-43n.hea.csv
372K,s07381-3335-10-12-15-16n.hea.csv
1.1M,s07381-3335-10-14-15-37n.hea.csv
52K,s07410-3102-08-19-15-05n.hea.csv
80K,s07427-3101-05-13-02-00n.hea.csv
160K,s07427-3101-05-13-18-10n.hea.csv
556K,s07427-3101-05-14-16-37n.hea.csv
452K,s07442-3283-10-05-13-20n.hea.csv
88K,s07448-2849-05-06-08-59n.hea.csv
120K,s07468-3441-07-30-18-20n.hea.csv
504K,s07468-3441-07-31-13-50n.hea.csv
276K,s07470-3004-01-02-00-32n.hea.csv
772K,s07470-3004-01-03-14-59n.hea.csv
952K,s07478-2804-04-01-18-23n.hea.csv
1.3M,s07478-2804-04-07-15-33n.hea.csv
1.2M,s07478-2805-03-29-10-43n.hea.csv
1.9M,s07478-2805-04-14-16-04n.hea.csv
204K,s07479-3204-10-21-13-16n.hea.csv
12K,s07479-3204-10-22-23-49n.hea.csv
216K,s07482-2755-04-13-12-42n.hea.csv
252K,s07482-2755-04-14-10-43n.hea.csv
688K,s07487-2623-12-11-12-35n.hea.csv
316K,s07487-2623-12-15-20-33n.hea.csv
100K,s07487-2623-12-18-01-07n.hea.csv
320K,s07492-3175-12-16-02-21n.hea.csv
100K,s07492-3175-12-18-14-04n.hea.csv
1.4M,s07519-3191-10-23-01-13n.hea.csv
8.0K,s07519-3191-11-01-04-48n.hea.csv
460K,s07567-3009-10-23-14-34n.hea.csv
4.0K,s07567-3009-10-25-13-38n.hea.csv
288K,s07612-3227-03-26-15-56n.hea.csv
128K,s07632-2729-08-20-20-37n.hea.csv
144K,s07632-2729-08-21-14-35n.hea.csv
8.0K,s07632-2729-08-22-08-33n.hea.csv
96K,s07655-2626-10-12-22-17n.hea.csv
1.6M,s07655-2626-10-13-15-47n.hea.csv
732K,s07655-2626-10-27-14-34n.hea.csv
136K,s07655-2626-11-01-17-07n.hea.csv
1.1M,s07655-2626-11-02-17-33n.hea.csv
4.0K,s07655-2626-11-10-15-54n.hea.csv
84K,s07681-3238-07-16-21-29n.hea.csv
304K,s07681-3238-07-17-14-04n.hea.csv
8.0K,s07681-3238-07-19-13-21n.hea.csv
1.3M,s07683-3450-03-28-14-21n.hea.csv
480K,s07683-3450-04-05-16-15n.hea.csv
268K,s07688-2759-05-28-17-21n.hea.csv
2.1M,s07688-2759-05-30-03-38n.hea.csv
680K,s07705-2690-10-28-14-29n.hea.csv
44K,s07728-3491-04-10-00-06n.hea.csv
940K,s07728-3491-04-10-16-22n.hea.csv
20K,s07760-2729-10-29-12-00n.hea.csv
160K,s07760-2729-10-29-14-07n.hea.csv
580K,s07786-2847-11-28-12-35n.hea.csv
96K,s07786-2847-12-07-22-28n.hea.csv
408K,s07786-2847-12-08-13-21n.hea.csv
136K,s07809-2562-10-15-20-58n.hea.csv
1.2M,s07842-3349-11-06-14-45n.hea.csv
692K,s07849-2872-03-02-14-46n.hea.csv
136K,s07849-2872-03-17-14-22n.hea.csv
60K,s07849-2872-03-18-09-16n.hea.csv
1.2M,s07860-2890-09-20-19-26n.hea.csv
792K,s07886-2763-05-06-18-14n.hea.csv
1.8M,s07894-2744-11-19-16-20n.hea.csv
124K,s07908-3421-07-16-18-24n.hea.csv
8.0K,s07908-3421-07-17-14-32n.hea.csv
4.0K,s07910-3268-05-18-18-51n.hea.csv
180K,s07910-3268-05-19-00-17n.hea.csv
4.0K,s07910-3268-05-20-08-58n.hea.csv
420K,s07977-3336-01-17-14-20n.hea.csv
16K,s07977-3336-01-19-22-45n.hea.csv
1.7M,s07985-3356-02-15-23-47n.hea.csv
100K,s07985-3356-02-26-14-04n.hea.csv
364K,s08013-2766-02-07-22-24n.hea.csv
168K,s08013-2766-02-09-17-08n.hea.csv
272K,s08013-2766-02-14-08-11n.hea.csv
4.0K,s08013-2766-02-15-14-50n.hea.csv
288K,s08040-2792-09-22-23-05n.hea.csv
120K,s08099-3418-08-28-07-45n.hea.csv
200K,s08100-2804-07-26-19-00n.hea.csv
4.0K,s08100-2804-07-26-21-43n.hea.csv
48K,s08100-2804-07-27-08-20n.hea.csv
92K,s08100-2804-07-27-15-05n.hea.csv
828K,s08100-2804-07-29-17-53n.hea.csv
24K,s08120-2566-09-30-13-23n.hea.csv
220K,s08120-2566-10-03-14-34n.hea.csv
288K,s08138-2514-10-02-16-10n.hea.csv
164K,s08154-2855-11-08-18-21n.hea.csv
4.0K,s08154-2855-11-09-23-31n.hea.csv
160K,s08186-2714-05-07-14-20n.hea.csv
8.0K,s08198-2822-07-21-04-24n.hea.csv
20K,s08198-2822-08-03-11-44n.hea.csv
156K,s08198-2822-08-03-17-32n.hea.csv
360K,s08207-3397-03-20-14-11n.hea.csv
2.2M,s08207-3397-03-30-16-03n.hea.csv
440K,s08231-3207-01-10-19-43n.hea.csv
268K,s08249-2605-04-16-10-43n.hea.csv
4.0K,s08249-2605-04-17-16-06n.hea.csv
1.7M,s08249-2605-04-17-20-31n.hea.csv
156K,s08259-3111-04-03-11-47n.hea.csv
48K,s08259-3111-04-04-10-44n.hea.csv
76K,s08269-2555-05-14-22-05n.hea.csv
4.0K,s08272-3167-08-08-14-31n.hea.csv
328K,s08272-3167-08-08-20-22n.hea.csv
84K,s08347-2897-08-03-12-12n.hea.csv
272K,s08363-3427-07-06-12-02n.hea.csv
20K,s08368-2653-07-01-13-02n.hea.csv
1.5M,s08368-2653-07-01-16-36n.hea.csv
2.5M,s08368-2653-07-07-23-55n.hea.csv
196K,s08368-2653-07-20-13-16n.hea.csv
764K,s08368-2653-07-21-11-45n.hea.csv
220K,s08422-3115-07-20-15-47n.hea.csv
612K,s08422-3115-07-22-02-33n.hea.csv
44K,s08445-3357-01-19-22-59n.hea.csv
116K,s08445-3357-01-20-14-05n.hea.csv
440K,s08451-2595-07-24-22-56n.hea.csv
1.9M,s08461-2796-07-08-14-33n.hea.csv
436K,s08461-2796-07-19-11-19n.hea.csv
216K,s08467-2662-09-24-13-06n.hea.csv
140K,s08493-3305-12-31-12-34n.hea.csv
220K,s08532-3464-06-01-13-16n.hea.csv
1.2M,s08532-3464-06-02-14-45n.hea.csv
872K,s08557-2746-06-10-04-25n.hea.csv
4.0K,s08566-3361-08-30-21-33n.hea.csv
228K,s08566-3361-08-31-08-56n.hea.csv
384K,s08566-3361-09-01-15-25n.hea.csv
944K,s08566-3361-09-03-17-12n.hea.csv
4.0K,s08566-3361-09-08-12-50n.hea.csv
176K,s08566-3361-09-08-16-54n.hea.csv
856K,s08566-3361-09-09-17-17n.hea.csv
164K,s08568-3378-06-12-17-24n.hea.csv
8.0K,s08568-3378-06-13-19-20n.hea.csv
136K,s08569-3439-10-07-20-25n.hea.csv
356K,s08569-3439-10-08-14-08n.hea.csv
352K,s08718-2706-04-11-14-15n.hea.csv
692K,s08718-2706-04-13-17-38n.hea.csv
548K,s08718-2706-04-17-15-07n.hea.csv
192K,s08723-3233-09-29-12-37n.hea.csv
300K,s08749-3410-08-16-19-27n.hea.csv
372K,s08779-2517-08-30-12-58n.hea.csv
340K,s08790-2707-09-11-22-46n.hea.csv
1.1M,s08822-3105-03-07-10-31n.hea.csv
1.3M,s08832-3034-12-17-05-40n.hea.csv
672K,s08870-3125-09-07-07-45n.hea.csv
784K,s08870-3125-09-10-14-55n.hea.csv
228K,s08870-3125-09-14-11-51n.hea.csv
144K,s08870-3125-09-15-14-07n.hea.csv
316K,s08879-2879-07-29-13-50n.hea.csv
192K,s08890-3119-06-20-12-21n.hea.csv
696K,s08890-3119-06-21-11-00n.hea.csv
792K,s08905-3437-02-27-22-15n.hea.csv
28K,s08905-3437-02-28-13-48n.hea.csv
464K,s08905-3437-02-28-21-42n.hea.csv
152K,s08905-3437-03-03-15-08n.hea.csv
516K,s08905-3437-03-04-12-04n.hea.csv
1.7M,s08947-3142-04-16-15-58n.hea.csv
1.7M,s08989-2835-09-14-14-57n.hea.csv
1.3M,s08996-3298-01-30-12-33n.hea.csv
168K,s09001-3118-09-06-23-52n.hea.csv
540K,s09001-3118-09-07-17-10n.hea.csv
40K,s09016-3389-04-28-19-26n.hea.csv
304K,s09043-3103-03-04-12-40n.hea.csv
172K,s09043-3103-03-06-14-16n.hea.csv
4.0K,s09043-3103-03-07-18-50n.hea.csv
236K,s09048-3199-10-25-14-55n.hea.csv
220K,s09070-3459-04-18-18-06n.hea.csv
992K,s09112-2543-04-04-12-04n.hea.csv
796K,s09130-3096-05-18-14-31n.hea.csv
552K,s09139-3168-05-09-17-20n.hea.csv
20K,s09176-3282-07-13-14-24n.hea.csv
300K,s09176-3282-07-13-20-40n.hea.csv
348K,s09178-2764-07-26-15-49n.hea.csv
4.0K,s09178-2764-07-28-08-04n.hea.csv
24K,s09178-2764-07-28-09-09n.hea.csv
196K,s09178-2764-07-28-13-27n.hea.csv
160K,s09178-2764-07-28-15-19n.hea.csv
1.3M,s09178-2764-07-29-13-02n.hea.csv
844K,s09233-3287-04-17-02-52n.hea.csv
480K,s09249-2572-09-16-00-21n.hea.csv
652K,s09249-2572-09-18-19-08n.hea.csv
292K,s09251-3322-02-28-03-20n.hea.csv
132K,s09251-3322-03-02-13-35n.hea.csv
108K,s09268-3145-07-14-10-40n.hea.csv
224K,s09268-3145-07-15-06-40n.hea.csv
40K,s09269-2627-07-09-13-33n.hea.csv
112K,s09278-2506-07-28-21-59n.hea.csv
272K,s09278-2506-07-29-10-39n.hea.csv
856K,s09278-2506-07-30-14-56n.hea.csv
12K,s09278-2506-08-03-08-51n.hea.csv
160K,s09289-3426-08-04-12-21n.hea.csv
1.2M,s09330-3170-08-07-19-15n.hea.csv
332K,s09330-3170-10-07-18-50n.hea.csv
280K,s09335-2947-10-02-02-20n.hea.csv
516K,s09335-2947-10-06-14-34n.hea.csv
980K,s09338-2932-12-24-21-48n.hea.csv
2.4M,s09341-3449-03-03-10-41n.hea.csv
1.4M,s09341-3449-03-19-09-04n.hea.csv
120K,s09361-2730-11-06-23-46n.hea.csv
180K,s09361-2730-11-07-17-38n.hea.csv
364K,s09372-3085-09-30-18-50n.hea.csv
636K,s09372-3085-10-03-00-15n.hea.csv
1.1M,s09389-3058-01-27-02-30n.hea.csv
1.7M,s09393-3312-03-26-10-40n.hea.csv
488K,s09393-3312-04-12-18-47n.hea.csv
156K,s09425-2585-04-11-14-36n.hea.csv
1.2M,s09426-3347-05-04-14-20n.hea.csv
192K,s09430-2768-08-27-19-43n.hea.csv
80K,s09434-2811-02-18-15-23n.hea.csv
28K,s09486-3328-10-07-10-45n.hea.csv
932K,s09486-3328-10-07-16-09n.hea.csv
52K,s09526-2577-10-24-02-12n.hea.csv
224K,s09575-3263-07-04-15-08n.hea.csv
928K,s09575-3263-07-05-21-39n.hea.csv
940K,s09593-2939-07-23-18-20n.hea.csv
240K,s09593-2939-07-29-13-16n.hea.csv
1.8M,s09593-2939-07-30-14-52n.hea.csv
8.0K,s09593-2939-08-07-16-42n.hea.csv
1.2M,s09595-3125-10-14-20-39n.hea.csv
212K,s09595-3125-10-21-21-26n.hea.csv
756K,s09615-2528-10-08-12-28n.hea.csv
148K,s09630-2752-03-01-10-42n.hea.csv
232K,s09630-2752-03-02-10-17n.hea.csv
148K,s09630-2752-03-04-17-34n.hea.csv
16K,s09630-2752-03-05-17-14n.hea.csv
16K,s09642-2807-07-08-15-03n.hea.csv
1.1M,s09648-3037-09-01-11-27n.hea.csv
1.2M,s09648-3037-09-15-17-09n.hea.csv
520K,s09664-2925-02-28-14-13n.hea.csv
1.2M,s09664-2925-03-02-23-32n.hea.csv
372K,s09672-3281-07-02-13-19n.hea.csv
488K,s09672-3281-07-04-14-41n.hea.csv
776K,s09672-3281-07-06-21-00n.hea.csv
560K,s09678-2873-04-28-12-05n.hea.csv
272K,s09685-3263-07-24-16-52n.hea.csv
4.0K,s09685-3263-07-25-23-47n.hea.csv
348K,s09714-2607-04-20-19-58n.hea.csv
1.4M,s09714-2607-04-22-10-38n.hea.csv
1.6M,s09732-3025-06-10-13-29n.hea.csv
32K,s09783-2934-04-12-01-03n.hea.csv
28K,s09783-2934-04-12-06-58n.hea.csv
232K,s09783-2934-04-12-11-58n.hea.csv
92K,s09783-2934-04-13-23-51n.hea.csv
316K,s09783-2934-04-14-16-37n.hea.csv
780K,s09882-3042-04-21-18-21n.hea.csv
484K,s09882-3042-04-26-14-52n.hea.csv
4.0K,s09882-3042-04-29-15-54n.hea.csv
344K,s09882-3042-07-01-16-34n.hea.csv
280K,s09950-2888-04-03-19-44n.hea.csv
192K,s09950-2888-04-05-15-44n.hea.csv
236K,s09962-3146-03-05-15-01n.hea.csv
1.9M,s09971-2626-09-01-12-58n.hea.csv
420K,s09987-3320-07-24-17-23n.hea.csv
36K,s09991-3262-03-15-14-47n.hea.csv
1.3M,s09991-3262-03-15-21-19n.hea.csv
680K,s10013-2564-11-01-23-37n.hea.csv
3.1M,s10061-3433-02-14-12-33n.hea.csv
100K,s10061-3433-02-28-14-02n.hea.csv
636K,s10069-2971-03-07-18-21n.hea.csv
344K,s10069-2971-03-11-14-24n.hea.csv
564K,s10077-2851-05-06-03-14n.hea.csv
268K,s10186-3355-01-20-07-11n.hea.csv
312K,s10186-3355-01-21-21-38n.hea.csv
344K,s10186-3355-02-01-10-41n.hea.csv
332K,s10186-3355-02-03-15-23n.hea.csv
232K,s10205-2631-06-14-11-38n.hea.csv
8.0K,s10209-2846-09-21-12-12n.hea.csv
676K,s10209-2846-09-21-15-19n.hea.csv
356K,s10209-2846-09-25-10-52n.hea.csv
904K,s10209-2846-09-27-10-52n.hea.csv
428K,s10241-3150-11-15-13-27n.hea.csv
156K,s10250-2979-04-04-16-13n.hea.csv
668K,s10289-3261-01-02-16-46n.hea.csv
868K,s10315-2557-11-18-19-45n.hea.csv
424K,s10320-3233-11-21-17-43n.hea.csv
1.6M,s10342-2995-10-08-12-15n.hea.csv
88K,s10384-3160-02-28-01-45n.hea.csv
484K,s10384-3160-02-28-12-57n.hea.csv
220K,s10419-3470-11-08-13-54n.hea.csv
412K,s10423-2627-03-16-13-09n.hea.csv
124K,s10432-2794-12-20-15-58n.hea.csv
12K,s10455-2768-03-09-13-44n.hea.csv
320K,s10455-2768-03-09-16-47n.hea.csv
24K,s10485-2793-09-24-11-25n.hea.csv
1.5M,s10485-2793-09-24-17-15n.hea.csv
128K,s10487-3307-09-06-21-45n.hea.csv
8.0K,s10487-3307-09-07-12-54n.hea.csv
292K,s10510-3288-03-02-17-47n.hea.csv
16K,s10510-3288-03-04-16-30n.hea.csv
640K,s10525-2604-07-04-22-20n.hea.csv
56K,s10534-3262-09-24-00-52n.hea.csv
984K,s10534-3262-10-04-22-33n.hea.csv
1.1M,s10552-3035-09-01-18-13n.hea.csv
160K,s10552-3035-09-30-18-48n.hea.csv
1.3M,s10552-3035-10-01-14-36n.hea.csv
636K,s10595-2721-04-07-13-22n.hea.csv
156K,s10595-2721-04-11-14-34n.hea.csv
52K,s10595-2721-04-12-16-01n.hea.csv
188K,s10611-3033-05-26-12-12n.hea.csv
716K,s10611-3033-05-27-10-49n.hea.csv
160K,s10638-2818-03-29-23-37n.hea.csv
32K,s10638-2818-03-31-14-23n.hea.csv
352K,s10651-3043-07-14-12-58n.hea.csv
560K,s10651-3043-07-16-13-31n.hea.csv
536K,s10651-3043-07-19-16-56n.hea.csv
28K,s10651-3043-07-23-09-59n.hea.csv
112K,s10655-2818-07-28-23-22n.hea.csv
12K,s10655-2818-07-29-18-14n.hea.csv
108K,s10656-3408-12-22-23-42n.hea.csv
4.0K,s10710-3034-09-01-14-19n.hea.csv
152K,s10710-3034-09-01-16-34n.hea.csv
188K,s10766-3079-04-29-12-39n.hea.csv
220K,s10785-2792-09-14-11-52n.hea.csv
144K,s10820-3367-04-08-12-49n.hea.csv
8.0K,s10820-3367-04-13-08-12n.hea.csv
1.1M,s10872-2663-05-15-12-22n.hea.csv
384K,s10872-2663-05-21-17-01n.hea.csv
76K,s10925-3265-08-20-13-22n.hea.csv
288K,s10925-3265-08-21-00-51n.hea.csv
1.1M,s10925-3265-08-22-17-17n.hea.csv
852K,s10925-3265-08-28-13-11n.hea.csv
4.0K,s10925-3265-09-02-23-19n.hea.csv
4.0K,s10925-3265-09-03-07-54n.hea.csv
4.0K,s10925-3265-09-03-12-10n.hea.csv
4.0K,s10925-3265-09-03-15-37n.hea.csv
40K,s10926-2834-11-06-10-26n.hea.csv
172K,s10926-2834-11-06-16-56n.hea.csv
84K,s10939-3141-01-14-21-49n.hea.csv
356K,s10939-3141-01-15-11-57n.hea.csv
1.5M,s10973-2812-08-10-11-26n.hea.csv
144K,s11032-2775-09-26-17-09n.hea.csv
96K,s11032-2775-09-28-01-06n.hea.csv
4.0K,s11032-2775-09-28-17-32n.hea.csv
2.5M,s11066-3140-03-17-01-31n.hea.csv
16K,s11086-2684-11-13-13-14n.hea.csv
776K,s11086-2684-11-13-16-17n.hea.csv
216K,s11086-2684-11-18-12-41n.hea.csv
176K,s11096-2869-03-30-11-57n.hea.csv
120K,s11096-2869-03-31-17-02n.hea.csv
3.0M,s11099-3307-07-29-17-37n.hea.csv
472K,s11137-2614-04-07-20-03n.hea.csv
216K,s11138-3355-05-15-16-02n.hea.csv
272K,s11143-3072-08-06-16-57n.hea.csv
544K,s11161-2857-04-05-18-22n.hea.csv
28K,s11161-2857-04-09-10-09n.hea.csv
700K,s11200-2918-10-17-18-18n.hea.csv
12K,s11205-3120-07-30-10-50n.hea.csv
40K,s11205-3120-07-30-13-14n.hea.csv
1.1M,s11205-3120-07-30-18-05n.hea.csv
184K,s11205-3120-08-04-15-19n.hea.csv
896K,s11244-2506-06-27-00-34n.hea.csv
124K,s11244-2506-07-01-00-55n.hea.csv
300K,s11279-2832-03-04-05-16n.hea.csv
1.8M,s11280-2694-03-20-10-44n.hea.csv
176K,s11280-2694-03-27-11-32n.hea.csv
224K,s11291-3330-05-29-12-51n.hea.csv
420K,s11318-2951-08-26-03-30n.hea.csv
508K,s11318-2952-09-15-15-57n.hea.csv
24K,s11318-2952-09-18-19-08n.hea.csv
144K,s11323-2674-12-29-23-33n.hea.csv
8.0K,s11323-2674-12-31-04-45n.hea.csv
324K,s11347-2524-03-10-10-57n.hea.csv
128K,s11347-2524-03-12-12-58n.hea.csv
132K,s11372-2957-04-20-19-12n.hea.csv
180K,s11372-2957-04-21-15-28n.hea.csv
924K,s11380-2819-08-30-11-26n.hea.csv
132K,s11380-2819-09-04-17-29n.hea.csv
296K,s11464-2922-06-26-17-19n.hea.csv
1.5M,s11464-2922-06-27-21-53n.hea.csv
396K,s11464-2922-07-03-12-05n.hea.csv
224K,s11591-2850-05-16-15-45n.hea.csv
436K,s11604-2882-06-28-04-14n.hea.csv
124K,s11638-3417-11-18-18-27n.hea.csv
300K,s11638-3417-11-19-16-25n.hea.csv
168K,s11638-3417-11-21-13-11n.hea.csv
672K,s11641-2714-12-22-15-57n.hea.csv
428K,s11658-2795-10-25-10-26n.hea.csv
900K,s11667-3172-05-26-12-22n.hea.csv
260K,s11679-2530-06-20-12-59n.hea.csv
112K,s11684-3417-09-09-18-12n.hea.csv
4.0K,s11684-3417-09-10-12-19n.hea.csv
160K,s11684-3417-09-10-16-01n.hea.csv
160K,s11684-3417-09-11-18-31n.hea.csv
276K,s11688-3381-10-29-17-48n.hea.csv
12K,s11688-3381-10-31-16-45n.hea.csv
228K,s11698-3097-11-11-12-58n.hea.csv
272K,s11703-2949-10-28-16-53n.hea.csv
256K,s11710-3289-06-29-19-26n.hea.csv
44K,s11752-2987-12-25-15-58n.hea.csv
420K,s11752-2987-12-26-06-04n.hea.csv
448K,s11763-3127-11-16-13-42n.hea.csv
688K,s11764-2831-11-02-21-28n.hea.csv
20K,s11770-2785-11-12-13-39n.hea.csv
528K,s11770-2785-11-12-17-35n.hea.csv
500K,s11787-3457-03-13-09-43n.hea.csv
4.0K,s11801-2756-11-18-03-48n.hea.csv
1.5M,s11801-2756-11-19-06-54n.hea.csv
460K,s11827-3203-06-27-12-19n.hea.csv
4.0K,s11827-3203-06-30-13-07n.hea.csv
56K,s11829-2740-08-23-12-00n.hea.csv
168K,s11829-2740-08-23-21-56n.hea.csv
260K,s11829-2740-08-25-03-51n.hea.csv
28K,s11829-2740-08-26-16-11n.hea.csv
444K,s11829-2740-08-26-23-00n.hea.csv
140K,s11840-2501-10-31-15-29n.hea.csv
400K,s11850-3238-04-09-02-28n.hea.csv
1.2M,s11852-2859-04-10-00-24n.hea.csv
888K,s11855-3391-07-05-13-13n.hea.csv
472K,s11877-2788-08-18-20-26n.hea.csv
324K,s11907-3278-07-12-18-29n.hea.csv
4.0K,s11907-3278-07-14-16-10n.hea.csv
492K,s11931-3151-12-14-19-16n.hea.csv
708K,s11945-3317-04-07-13-54n.hea.csv
832K,s11949-2620-10-19-21-42n.hea.csv
1.1M,s11949-2620-10-24-14-06n.hea.csv
4.0K,s11951-2560-10-10-22-21n.hea.csv
388K,s11951-2560-10-11-03-53n.hea.csv
4.0K,s11951-2560-10-13-16-55n.hea.csv
4.0K,s11995-2617-10-01-20-50n.hea.csv
20K,s11995-2617-10-03-17-59n.hea.csv
892K,s11995-2617-10-03-22-44n.hea.csv
20K,s12000-2936-06-29-12-58n.hea.csv
664K,s12000-2936-06-29-17-27n.hea.csv
892K,s12000-2936-07-02-16-42n.hea.csv
796K,s12000-2936-07-06-17-51n.hea.csv
20K,s12090-2929-04-01-22-02n.hea.csv
544K,s12094-2937-08-29-20-15n.hea.csv
228K,s12104-2942-07-02-14-42n.hea.csv
1.1M,s12104-2942-07-03-14-03n.hea.csv
4.0K,s12112-3413-10-27-23-28n.hea.csv
240K,s12112-3413-10-28-11-29n.hea.csv
540K,s12113-2593-03-05-10-44n.hea.csv
420K,s12113-2593-03-08-20-02n.hea.csv
324K,s12113-2593-03-11-14-42n.hea.csv
108K,s12116-3460-10-01-17-48n.hea.csv
48K,s12141-3468-09-04-17-22n.hea.csv
420K,s12141-3468-09-04-22-18n.hea.csv
212K,s12171-2906-11-09-01-38n.hea.csv
88K,s12171-2906-11-10-09-56n.hea.csv
4.0K,s12171-2906-11-11-11-29n.hea.csv
4.0K,s12171-2906-11-11-14-44n.hea.csv
480K,s12171-2906-11-11-17-42n.hea.csv
12K,s12171-2906-11-14-20-35n.hea.csv
284K,s12184-2857-10-04-21-27n.hea.csv
156K,s12187-3443-08-09-16-33n.hea.csv
1.2M,s12215-2950-01-06-05-35n.hea.csv
12K,s12215-2950-01-10-21-42n.hea.csv
92K,s12217-3020-03-11-10-41n.hea.csv
876K,s12231-2995-04-16-22-51n.hea.csv
464K,s12251-2968-09-09-18-02n.hea.csv
4.0K,s12267-3400-04-11-17-24n.hea.csv
376K,s12267-3400-04-12-01-10n.hea.csv
164K,s12267-3400-04-14-15-29n.hea.csv
212K,s12277-2620-09-15-08-43n.hea.csv
16K,s12294-3125-10-02-12-26n.hea.csv
836K,s12294-3125-10-02-17-44n.hea.csv
508K,s12319-2831-11-10-12-08n.hea.csv
804K,s12352-2579-09-30-19-54n.hea.csv
24K,s12352-2579-10-05-23-18n.hea.csv
348K,s12400-3009-10-11-17-57n.hea.csv
176K,s12536-2608-09-11-19-02n.hea.csv
416K,s12565-2786-02-10-16-33n.hea.csv
2.1M,s12573-3500-05-26-12-05n.hea.csv
660K,s12573-3500-06-08-12-19n.hea.csv
284K,s12573-3500-06-12-18-51n.hea.csv
328K,s12577-3359-08-04-12-04n.hea.csv
1.3M,s12581-2916-03-12-18-21n.hea.csv
1.7M,s12581-2916-03-31-21-55n.hea.csv
440K,s12586-2836-03-26-15-26n.hea.csv
680K,s12586-2836-03-28-16-16n.hea.csv
108K,s12663-2607-09-23-18-08n.hea.csv
4.0K,s12673-3428-10-21-09-56n.hea.csv
168K,s12673-3428-10-21-11-34n.hea.csv
276K,s12679-3221-04-01-15-28n.hea.csv
1.4M,s12704-3484-05-30-16-34n.hea.csv
16K,s12704-3484-06-05-12-03n.hea.csv
192K,s12708-2844-04-25-18-42n.hea.csv
2.1M,s12727-2960-07-16-18-48n.hea.csv
688K,s12727-2960-07-25-13-03n.hea.csv
388K,s12772-2590-07-21-12-02n.hea.csv
656K,s12772-2590-07-23-17-30n.hea.csv
856K,s12798-3181-06-23-12-26n.hea.csv
392K,s12807-2726-12-31-03-22n.hea.csv
2.5M,s12821-2730-06-18-15-51n.hea.csv
1.7M,s12849-2869-02-18-11-49n.hea.csv
60K,s12856-3408-07-04-14-33n.hea.csv
308K,s12856-3408-07-04-23-37n.hea.csv
1.4M,s12856-3408-07-11-16-39n.hea.csv
312K,s12856-3409-04-26-11-11n.hea.csv
480K,s12856-3409-04-28-11-39n.hea.csv
872K,s12903-3031-09-02-12-58n.hea.csv
40K,s12920-3358-08-02-12-23n.hea.csv
4.0K,s12941-3240-06-18-14-35n.hea.csv
236K,s12968-3423-03-17-09-59n.hea.csv
8.0K,s12968-3423-03-18-18-32n.hea.csv
472K,s13002-3023-06-25-16-08n.hea.csv
172K,s13033-3412-09-05-08-29n.hea.csv
260K,s13033-3412-09-06-19-07n.hea.csv
220K,s13033-3412-09-08-11-09n.hea.csv
80K,s13033-3413-10-26-20-41n.hea.csv
324K,s13033-3413-10-27-09-27n.hea.csv
32K,s13033-3413-10-29-10-16n.hea.csv
56K,s13049-2598-04-24-13-06n.hea.csv
108K,s13049-2598-04-24-22-17n.hea.csv
736K,s13049-2598-04-25-15-25n.hea.csv
8.0K,s13049-2598-04-28-21-56n.hea.csv
416K,s13096-2704-08-12-19-16n.hea.csv
100K,s13099-2513-11-16-05-53n.hea.csv
132K,s13099-2513-11-16-22-40n.hea.csv
544K,s13101-3010-07-09-21-21n.hea.csv
64K,s13101-3010-07-12-09-50n.hea.csv
852K,s13101-3010-07-12-18-06n.hea.csv
3.3M,s13101-3010-07-16-18-27n.hea.csv
568K,s13146-3346-07-20-15-02n.hea.csv
424K,s13149-3429-03-14-12-10n.hea.csv
456K,s13171-2821-08-11-13-17n.hea.csv
4.0K,s13183-3252-11-08-11-52n.hea.csv
1.8M,s13183-3252-11-08-15-02n.hea.csv
196K,s13195-3077-03-06-10-42n.hea.csv
16K,s13259-3157-12-23-11-06n.hea.csv
848K,s13274-2741-03-19-14-24n.hea.csv
292K,s13286-2504-01-07-12-08n.hea.csv
116K,s13286-2504-01-08-18-07n.hea.csv
460K,s13295-2628-10-17-17-09n.hea.csv
488K,s13308-2914-02-17-10-42n.hea.csv
1.7M,s13333-3466-06-01-12-44n.hea.csv
316K,s13353-2927-12-02-15-58n.hea.csv
292K,s13354-2629-08-14-20-36n.hea.csv
580K,s13422-2833-06-30-09-10n.hea.csv
272K,s13435-3441-03-16-13-35n.hea.csv
4.0K,s13436-2779-05-27-21-38n.hea.csv
1.4M,s13436-2779-05-27-23-59n.hea.csv
600K,s13438-2849-05-27-14-21n.hea.csv
324K,s13439-3012-09-05-18-11n.hea.csv
216K,s13439-3012-09-07-16-46n.hea.csv
524K,s13485-3425-09-16-11-23n.hea.csv
324K,s13489-2834-02-26-04-24n.hea.csv
480K,s13489-2834-02-27-23-35n.hea.csv
4.0K,s13489-2834-03-06-11-38n.hea.csv
1.1M,s13532-2898-05-09-12-49n.hea.csv
824K,s13536-3142-05-18-02-27n.hea.csv
144K,s13569-2845-05-22-19-01n.hea.csv
216K,s13570-3121-05-31-14-29n.hea.csv
188K,s13628-2567-12-08-00-18n.hea.csv
4.0K,s13628-2567-12-09-05-11n.hea.csv
736K,s13640-2832-08-11-18-51n.hea.csv
680K,s13646-3221-07-12-14-34n.hea.csv
1.1M,s13705-3341-07-13-19-39n.hea.csv
48K,s13715-2696-04-21-14-09n.hea.csv
1.3M,s13715-2696-04-21-21-15n.hea.csv
4.0K,s13715-2696-04-27-14-37n.hea.csv
148K,s13716-2880-09-20-17-06n.hea.csv
308K,s13716-2880-09-21-18-24n.hea.csv
468K,s13720-3032-05-14-14-33n.hea.csv
36K,s13731-3209-09-16-02-32n.hea.csv
108K,s13759-3106-10-26-23-39n.hea.csv
172K,s13759-3106-10-27-17-19n.hea.csv
780K,s13772-3257-06-30-13-53n.hea.csv
408K,s13772-3257-07-04-12-03n.hea.csv
84K,s13793-3186-08-15-20-32n.hea.csv
20K,s13793-3186-08-16-18-01n.hea.csv
252K,s13818-2682-09-16-07-55n.hea.csv
240K,s13818-2682-09-17-23-19n.hea.csv
416K,s13837-2870-03-12-14-47n.hea.csv
88K,s13837-2870-03-14-13-31n.hea.csv
312K,s13850-2816-08-14-18-47n.hea.csv
536K,s13852-2699-03-21-10-41n.hea.csv
300K,s13852-2699-03-24-10-50n.hea.csv
340K,s13852-2699-03-24-12-40n.hea.csv
840K,s13852-2699-03-26-02-59n.hea.csv
2.2M,s13852-2699-04-06-16-01n.hea.csv
212K,s13868-2505-04-03-09-25n.hea.csv
268K,s13970-2693-07-18-18-37n.hea.csv
540K,s13970-2693-07-21-10-11n.hea.csv
24K,s13970-2693-07-24-11-30n.hea.csv
164K,s13970-2693-08-02-12-38n.hea.csv
840K,s13970-2693-08-03-18-01n.hea.csv
8.0K,s13970-2693-08-08-15-52n.hea.csv
1.3M,s13993-3434-10-09-14-42n.hea.csv
116K,s13993-3434-10-16-17-39n.hea.csv
516K,s14005-2871-05-22-16-59n.hea.csv
416K,s14014-2527-11-02-01-35n.hea.csv
400K,s14019-3100-09-09-09-22n.hea.csv
136K,s14036-2972-08-07-12-19n.hea.csv
20K,s14036-2972-08-08-08-16n.hea.csv
528K,s14054-3378-09-19-05-35n.hea.csv
884K,s14057-3079-07-17-00-40n.hea.csv
8.0K,s14057-3079-07-21-11-38n.hea.csv
708K,s14059-2671-10-18-13-15n.hea.csv
264K,s14070-3147-10-07-19-04n.hea.csv
608K,s14123-2899-10-19-06-00n.hea.csv
1.6M,s14131-3074-08-24-17-13n.hea.csv
1.7M,s14131-3077-03-15-16-00n.hea.csv
372K,s14167-3233-05-27-18-35n.hea.csv
24K,s14167-3233-05-29-16-30n.hea.csv
196K,s14167-3233-05-30-09-13n.hea.csv
460K,s14167-3233-05-31-12-44n.hea.csv
184K,s14174-3110-06-08-11-11n.hea.csv
40K,s14187-2838-09-07-04-33n.hea.csv
1.1M,s14189-2883-04-27-10-43n.hea.csv
232K,s14189-2883-05-01-22-28n.hea.csv
152K,s14190-2679-10-23-02-23n.hea.csv
32K,s14190-2679-10-24-11-58n.hea.csv
4.0K,s14204-2976-10-18-21-06n.hea.csv
672K,s14204-2976-10-19-09-33n.hea.csv
804K,s14204-2976-10-23-17-00n.hea.csv
976K,s14205-2832-11-20-19-24n.hea.csv
72K,s14299-2562-11-07-02-50n.hea.csv
312K,s14299-2562-11-07-14-35n.hea.csv
144K,s14299-2562-11-09-16-37n.hea.csv
12K,s14321-2665-09-15-13-28n.hea.csv
124K,s14321-2665-09-15-16-44n.hea.csv
576K,s14391-3323-02-25-20-34n.hea.csv
272K,s14448-2928-08-21-20-01n.hea.csv
340K,s14458-3481-09-21-20-35n.hea.csv
124K,s14486-2857-02-27-20-28n.hea.csv
536K,s14486-2857-03-08-16-04n.hea.csv
532K,s14486-2857-03-12-09-49n.hea.csv
176K,s14495-2670-08-22-16-00n.hea.csv
1.7M,s14520-2500-12-16-14-14n.hea.csv
84K,s14520-2500-12-27-02-41n.hea.csv
1.3M,s14520-2500-12-27-17-24n.hea.csv
492K,s14520-2501-01-04-15-15n.hea.csv
460K,s14520-2501-01-07-16-20n.hea.csv
268K,s14520-2501-01-10-15-18n.hea.csv
168K,s14524-3192-08-20-13-16n.hea.csv
212K,s14524-3192-08-21-15-56n.hea.csv
340K,s14524-3192-08-23-14-31n.hea.csv
136K,s14529-3085-11-24-14-10n.hea.csv
292K,s14532-2593-02-19-11-23n.hea.csv
580K,s14532-2593-02-23-21-10n.hea.csv
388K,s14539-3250-11-08-12-17n.hea.csv
4.0K,s14539-3250-11-11-13-06n.hea.csv
176K,s14544-3143-09-28-10-41n.hea.csv
776K,s14551-3028-05-08-16-43n.hea.csv
64K,s14561-3108-11-19-11-06n.hea.csv
800K,s14561-3108-11-19-18-47n.hea.csv
308K,s14579-3178-11-22-19-37n.hea.csv
144K,s14584-2721-07-20-18-49n.hea.csv
696K,s14584-2721-07-21-12-18n.hea.csv
4.0K,s14584-2721-07-25-04-26n.hea.csv
1.3M,s14592-3353-11-16-16-05n.hea.csv
204K,s14622-2764-10-22-14-43n.hea.csv
588K,s14622-2764-10-23-22-16n.hea.csv
608K,s14626-3415-05-12-10-45n.hea.csv
1.3M,s14692-3358-09-22-17-09n.hea.csv
8.0K,s14692-3358-09-29-19-00n.hea.csv
304K,s14702-3382-08-19-12-29n.hea.csv
1.7M,s14761-2757-09-11-19-44n.hea.csv
484K,s14772-3085-10-20-08-42n.hea.csv
800K,s14772-3085-10-23-07-45n.hea.csv
164K,s14772-3085-10-26-16-27n.hea.csv
248K,s14772-3085-10-27-10-01n.hea.csv
12K,s14784-3326-06-13-00-59n.hea.csv
76K,s14784-3326-06-13-04-20n.hea.csv
28K,s14784-3326-06-13-13-48n.hea.csv
608K,s14784-3326-06-13-18-35n.hea.csv
4.0K,s14822-3001-09-05-18-50n.hea.csv
76K,s14822-3001-09-05-20-08n.hea.csv
80K,s14824-3061-07-21-02-00n.hea.csv
1.5M,s14824-3061-07-21-17-31n.hea.csv
36K,s14836-3180-01-31-12-54n.hea.csv
176K,s14836-3180-02-04-15-28n.hea.csv
20K,s14836-3180-02-04-15-32n.hea.csv
8.0K,s14836-3180-02-05-12-54n.hea.csv
244K,s14836-3180-02-05-13-59n.hea.csv
4.0K,s14836-3180-02-05-18-03n.hea.csv
912K,s14863-3451-08-01-13-00n.hea.csv
312K,s14874-2840-06-08-19-23n.hea.csv
220K,s14884-3015-09-03-07-33n.hea.csv
4.0K,s14897-3126-02-19-17-10n.hea.csv
344K,s14897-3126-02-22-16-20n.hea.csv
556K,s14897-3126-02-24-15-41n.hea.csv
496K,s14897-3126-02-27-19-15n.hea.csv
768K,s14898-2624-08-20-11-23n.hea.csv
776K,s14898-2624-08-23-11-51n.hea.csv
368K,s14899-3270-10-08-18-48n.hea.csv
4.0K,s14899-3270-10-11-17-53n.hea.csv
172K,s14900-2881-03-19-15-00n.hea.csv
1.2M,s14919-2805-04-03-01-50n.hea.csv
1.8M,s14919-2805-04-07-15-15n.hea.csv
1.4M,s14919-2805-04-18-09-04n.hea.csv
340K,s14919-2805-04-24-02-57n.hea.csv
172K,s14922-3407-02-18-18-49n.hea.csv
4.0K,s14922-3407-02-23-11-38n.hea.csv
424K,s14932-2851-02-23-11-54n.hea.csv
132K,s14938-3182-08-18-18-51n.hea.csv
36K,s14938-3182-08-19-19-21n.hea.csv
692K,s15013-2944-02-25-10-49n.hea.csv
240K,s15021-2541-03-30-14-20n.hea.csv
160K,s15023-3283-07-12-14-30n.hea.csv
324K,s15023-3283-07-13-15-44n.hea.csv
960K,s15023-3283-07-15-16-59n.hea.csv
304K,s15023-3283-07-21-15-53n.hea.csv
128K,s15026-2514-09-16-20-00n.hea.csv
12K,s15026-2514-09-17-14-04n.hea.csv
416K,s15026-2514-09-17-17-30n.hea.csv
500K,s15052-2773-09-13-11-56n.hea.csv
2.8M,s15055-2690-06-27-16-34n.hea.csv
116K,s15082-2838-02-25-19-22n.hea.csv
112K,s15110-3438-05-17-18-26n.hea.csv
628K,s15110-3438-05-18-17-00n.hea.csv
1.2M,s15124-2870-09-12-13-01n.hea.csv
516K,s15124-2870-09-19-16-26n.hea.csv
524K,s15141-2753-05-06-15-11n.hea.csv
152K,s15144-3083-02-08-12-33n.hea.csv
308K,s15150-3487-08-31-17-08n.hea.csv
316K,s15185-3404-07-16-14-31n.hea.csv
652K,s15185-3404-07-17-23-24n.hea.csv
956K,s15185-3404-07-20-17-42n.hea.csv
12K,s15208-3405-08-20-09-54n.hea.csv
544K,s15208-3405-08-20-13-14n.hea.csv
16K,s15226-3346-11-08-12-38n.hea.csv
304K,s15226-3346-11-08-14-07n.hea.csv
176K,s15270-2912-06-17-16-34n.hea.csv
12K,s15279-3188-10-13-12-27n.hea.csv
1.2M,s15279-3188-10-13-15-53n.hea.csv
112K,s15302-2900-12-01-00-45n.hea.csv
724K,s15303-3088-09-08-04-33n.hea.csv
4.0K,s15329-2647-11-16-15-13n.hea.csv
40K,s15329-2647-11-16-18-28n.hea.csv
24K,s15329-2647-11-17-00-57n.hea.csv
204K,s15330-2783-12-08-11-54n.hea.csv
228K,s15330-2783-12-09-15-40n.hea.csv
8.0K,s15330-2783-12-10-21-11n.hea.csv
448K,s15333-2584-04-04-20-47n.hea.csv
164K,s15382-2896-08-25-11-43n.hea.csv
4.0K,s15426-3477-05-28-03-09n.hea.csv
324K,s15426-3477-05-28-09-30n.hea.csv
432K,s15464-3352-04-24-01-31n.hea.csv
228K,s15465-3004-01-12-12-34n.hea.csv
1.5M,s15465-3004-01-13-20-56n.hea.csv
700K,s15465-3004-01-20-11-31n.hea.csv
16K,s15465-3004-01-20-12-47n.hea.csv
4.0K,s15509-3447-10-12-04-28n.hea.csv
1020K,s15509-3447-10-13-14-07n.hea.csv
412K,s15514-2518-09-28-19-16n.hea.csv
960K,s15531-2898-08-27-13-55n.hea.csv
324K,s15557-2793-07-24-17-41n.hea.csv
4.0K,s15567-2946-07-29-23-00n.hea.csv
192K,s15567-2946-08-01-14-37n.hea.csv
652K,s15567-2946-08-02-14-26n.hea.csv
216K,s15567-2946-08-06-00-01n.hea.csv
864K,s15569-3348-02-19-13-19n.hea.csv
256K,s15619-2600-11-21-13-53n.hea.csv
1.3M,s15619-2600-11-22-18-55n.hea.csv
192K,s15624-3440-09-30-14-41n.hea.csv
248K,s15624-3440-10-01-18-16n.hea.csv
412K,s15624-3440-10-03-03-42n.hea.csv
280K,s15624-3440-10-05-18-12n.hea.csv
188K,s15624-3440-10-07-13-05n.hea.csv
796K,s15624-3440-10-08-18-01n.hea.csv
488K,s15624-3440-10-13-16-00n.hea.csv
624K,s15631-2977-12-18-14-14n.hea.csv
212K,s15652-2670-08-20-08-34n.hea.csv
344K,s15683-2545-05-07-04-37n.hea.csv
920K,s15687-3453-10-21-19-11n.hea.csv
148K,s15701-3268-10-01-10-30n.hea.csv
1.0M,s15701-3268-10-02-12-22n.hea.csv
116K,s15703-3238-11-25-21-21n.hea.csv
576K,s15703-3238-11-26-12-26n.hea.csv
140K,s15703-3238-11-28-21-31n.hea.csv
216K,s15725-2893-10-14-17-58n.hea.csv
284K,s15725-2893-10-15-16-33n.hea.csv
4.0K,s15727-2524-04-29-20-59n.hea.csv
4.0K,s15727-2524-04-30-01-08n.hea.csv
4.0K,s15727-2524-04-30-08-46n.hea.csv
20K,s15727-2524-04-30-15-56n.hea.csv
80K,s15727-2524-05-01-01-33n.hea.csv
212K,s15727-2524-05-01-15-15n.hea.csv
248K,s15733-2809-09-03-14-44n.hea.csv
124K,s15733-2809-09-05-05-14n.hea.csv
252K,s15733-2809-09-06-00-07n.hea.csv
1.9M,s15749-2543-08-13-22-56n.hea.csv
400K,s15749-2543-08-22-10-44n.hea.csv
208K,s15749-2543-08-22-12-21n.hea.csv
528K,s15769-3090-09-19-17-06n.hea.csv
744K,s15769-3090-09-22-16-03n.hea.csv
268K,s15779-3259-07-25-04-52n.hea.csv
156K,s15779-3259-07-26-23-56n.hea.csv
240K,s15809-3163-07-23-11-12n.hea.csv
488K,s15809-3163-07-24-10-29n.hea.csv
1.5M,s15809-3163-07-26-14-56n.hea.csv
940K,s15817-3488-03-17-12-56n.hea.csv
44K,s15821-3102-01-03-11-37n.hea.csv
416K,s15831-2840-08-10-17-06n.hea.csv
148K,s15864-3420-08-23-19-00n.hea.csv
4.0K,s15864-3420-08-24-17-36n.hea.csv
308K,s15864-3420-08-24-21-37n.hea.csv
848K,s15864-3420-08-30-22-59n.hea.csv
68K,s15877-2510-02-26-18-15n.hea.csv
100K,s15877-2510-02-27-14-04n.hea.csv
924K,s15885-2743-11-22-12-23n.hea.csv
124K,s15900-2555-11-14-04-01n.hea.csv
4.0K,s15903-2570-09-19-15-08n.hea.csv
956K,s15903-2570-09-19-17-12n.hea.csv
72K,s15911-2597-07-10-14-52n.hea.csv
4.0K,s15911-2597-07-11-03-24n.hea.csv
428K,s15924-2896-11-13-16-35n.hea.csv
428K,s15929-3013-10-16-00-22n.hea.csv
316K,s15929-3013-10-18-18-25n.hea.csv
136K,s15965-2628-08-16-14-32n.hea.csv
1.5M,s15974-2836-02-07-12-34n.hea.csv
4.0K,s15974-2836-02-13-13-23n.hea.csv
708K,s15982-3305-07-02-12-03n.hea.csv
256K,s15997-2723-01-15-18-38n.hea.csv
380K,s16019-2774-02-11-12-12n.hea.csv
28K,s16032-3339-07-31-12-58n.hea.csv
2.4M,s16032-3339-07-31-16-59n.hea.csv
2.0M,s16038-3227-03-23-10-43n.hea.csv
1.1M,s16038-3227-04-08-16-03n.hea.csv
8.0K,s16046-2758-10-14-10-47n.hea.csv
24K,s16055-3402-11-19-21-10n.hea.csv
216K,s16071-2511-09-24-11-35n.hea.csv
92K,s16071-2511-09-25-10-41n.hea.csv
1.1M,s16117-3404-06-01-16-34n.hea.csv
976K,s16121-3009-03-01-23-59n.hea.csv
1.4M,s16122-3406-03-25-10-43n.hea.csv
232K,s16122-3406-04-01-14-16n.hea.csv
2.2M,s16122-3406-04-10-16-03n.hea.csv
80K,s16127-3447-09-20-22-33n.hea.csv
8.0K,s16127-3447-09-21-13-01n.hea.csv
632K,s16127-3447-09-21-14-25n.hea.csv
144K,s16127-3447-09-24-17-48n.hea.csv
44K,s16161-3435-10-24-15-16n.hea.csv
164K,s16161-3435-10-24-22-21n.hea.csv
1.7M,s16161-3435-10-25-18-31n.hea.csv
624K,s16161-3435-11-02-17-42n.hea.csv
16K,s16161-3435-11-05-20-26n.hea.csv
596K,s16196-2681-06-24-12-19n.hea.csv
620K,s16210-3233-08-23-14-03n.hea.csv
1.2M,s16236-2936-04-04-18-17n.hea.csv
4.0K,s16286-3014-10-08-19-46n.hea.csv
4.1M,s16286-3014-10-09-07-41n.hea.csv
48K,s16286-3014-10-26-14-32n.hea.csv
16K,s16337-2595-12-11-09-42n.hea.csv
476K,s16337-2595-12-11-14-27n.hea.csv
568K,s16343-2623-09-07-23-15n.hea.csv
200K,s16353-3144-06-29-18-58n.hea.csv
448K,s16353-3144-06-30-14-02n.hea.csv
132K,s16353-3144-07-01-17-54n.hea.csv
212K,s16353-3144-07-02-12-12n.hea.csv
8.0K,s16391-2840-11-19-14-40n.hea.csv
256K,s16391-2840-11-19-16-51n.hea.csv
332K,s16391-2840-11-21-10-04n.hea.csv
120K,s16399-2910-11-06-13-15n.hea.csv
8.0K,s16399-2910-11-07-14-25n.hea.csv
160K,s16399-2910-11-07-16-51n.hea.csv
464K,s16399-2910-11-08-18-59n.hea.csv
212K,s16447-3402-10-21-13-14n.hea.csv
4.0K,s16447-3402-10-22-17-16n.hea.csv
284K,s16455-2617-06-07-20-44n.hea.csv
48K,s16455-2617-06-09-09-22n.hea.csv
364K,s16455-2617-06-11-13-18n.hea.csv
2.7M,s16455-2617-06-13-19-23n.hea.csv
492K,s16511-3335-12-20-15-57n.hea.csv
728K,s16511-3335-12-22-18-14n.hea.csv
2.5M,s16511-3335-12-25-15-08n.hea.csv
500K,s16511-3336-01-04-17-37n.hea.csv
144K,s16533-3049-09-22-13-52n.hea.csv
1.1M,s16533-3049-09-23-12-03n.hea.csv
16K,s16550-3052-08-30-20-59n.hea.csv
136K,s16550-3052-08-30-23-04n.hea.csv
1.1M,s16552-3497-04-07-17-10n.hea.csv
36K,s16561-2889-11-03-13-16n.hea.csv
180K,s16561-2889-11-03-19-13n.hea.csv
60K,s16565-2573-04-07-01-51n.hea.csv
220K,s16565-2573-04-07-11-16n.hea.csv
24K,s16565-2573-04-08-17-27n.hea.csv
4.0K,s16581-2753-10-19-15-52n.hea.csv
80K,s16581-2753-10-19-19-00n.hea.csv
48K,s16581-2753-10-20-08-20n.hea.csv
404K,s16607-3475-03-05-14-04n.hea.csv
316K,s16633-3398-08-31-00-25n.hea.csv
8.0K,s16639-3079-09-11-12-49n.hea.csv
152K,s16639-3079-09-11-16-33n.hea.csv
536K,s16691-3181-11-03-13-39n.hea.csv
1.3M,s16709-3235-11-08-13-16n.hea.csv
1.5M,s16715-3083-07-12-18-21n.hea.csv
88K,s16723-3417-09-15-20-20n.hea.csv
84K,s16740-2930-02-28-13-55n.hea.csv
536K,s16740-2930-03-01-01-47n.hea.csv
488K,s16748-3194-06-20-11-23n.hea.csv
228K,s16775-3131-02-08-22-23n.hea.csv
8.0K,s16775-3131-02-10-10-32n.hea.csv
248K,s16798-2987-04-18-20-15n.hea.csv
8.0K,s16798-2987-04-20-11-36n.hea.csv
4.0K,s16798-2987-04-20-16-16n.hea.csv
544K,s16804-3420-03-13-11-45n.hea.csv
4.0K,s16804-3420-03-16-16-03n.hea.csv
4.0K,s16810-3355-02-18-07-52n.hea.csv
396K,s16810-3355-02-18-13-38n.hea.csv
108K,s16810-3355-02-20-14-02n.hea.csv
200K,s16827-3444-11-19-15-57n.hea.csv
296K,s16853-3461-04-08-17-37n.hea.csv
8.0K,s16873-2636-05-16-12-09n.hea.csv
160K,s16873-2636-05-16-20-04n.hea.csv
4.0K,s16876-2784-04-25-10-35n.hea.csv
920K,s16876-2784-04-25-12-35n.hea.csv
152K,s16881-2817-11-30-21-31n.hea.csv
252K,s16881-2817-12-01-15-02n.hea.csv
928K,s16881-2817-12-02-16-25n.hea.csv
8.0K,s16924-2505-08-06-04-23n.hea.csv
384K,s16924-2505-08-19-11-44n.hea.csv
280K,s16924-2505-08-22-03-40n.hea.csv
740K,s16961-2823-11-01-17-15n.hea.csv
800K,s17018-3142-05-02-18-13n.hea.csv
4.0K,s17018-3142-05-11-11-38n.hea.csv
1.2M,s17026-3011-04-04-16-02n.hea.csv
180K,s17028-3089-11-24-21-29n.hea.csv
240K,s17054-2596-04-16-09-59n.hea.csv
216K,s17069-2609-02-13-12-22n.hea.csv
1.2M,s17069-2609-02-14-19-36n.hea.csv
384K,s17072-2565-10-27-19-54n.hea.csv
28K,s17072-2565-10-30-03-33n.hea.csv
64K,s17075-3492-02-25-18-49n.hea.csv
8.0K,s17075-3492-02-26-10-13n.hea.csv
296K,s17083-3292-08-29-18-00n.hea.csv
312K,s17083-3292-08-31-16-24n.hea.csv
144K,s17092-3220-06-06-15-48n.hea.csv
72K,s17097-2936-12-12-18-13n.hea.csv
104K,s17097-2936-12-13-14-04n.hea.csv
504K,s17125-2845-08-22-15-22n.hea.csv
108K,s17125-2847-10-31-21-20n.hea.csv
616K,s17125-2847-11-01-20-45n.hea.csv
4.0K,s17125-2847-11-05-19-14n.hea.csv
372K,s17152-3449-11-06-15-57n.hea.csv
1.7M,s17152-3449-11-08-11-00n.hea.csv
232K,s17152-3449-11-16-11-42n.hea.csv
1.0M,s17152-3449-11-17-21-20n.hea.csv
20K,s17182-3141-01-30-12-35n.hea.csv
1.2M,s17182-3141-01-30-17-23n.hea.csv
1.1M,s17216-3050-07-18-11-22n.hea.csv
144K,s17231-3412-03-08-19-13n.hea.csv
156K,s17231-3412-03-09-21-48n.hea.csv
796K,s17262-3459-06-03-16-33n.hea.csv
792K,s17290-2999-10-28-15-22n.hea.csv
1.8M,s17293-3453-09-02-12-59n.hea.csv
424K,s17372-2841-10-20-06-39n.hea.csv
464K,s17372-2841-10-24-17-05n.hea.csv
1.2M,s17440-2890-03-22-21-21n.hea.csv
16K,s17440-2890-03-28-19-27n.hea.csv
212K,s17443-3436-07-05-04-10n.hea.csv
732K,s17443-3436-07-07-10-50n.hea.csv
8.0K,s17456-3148-10-07-12-40n.hea.csv
144K,s17456-3148-10-07-14-14n.hea.csv
124K,s17457-2905-10-13-01-32n.hea.csv
316K,s17457-2905-10-13-17-13n.hea.csv
240K,s17472-3185-03-04-21-42n.hea.csv
432K,s17483-2623-05-10-05-31n.hea.csv
184K,s17483-2623-05-15-22-58n.hea.csv
536K,s17516-3014-08-30-11-14n.hea.csv
440K,s17557-3369-03-30-19-18n.hea.csv
904K,s17589-2692-01-07-12-36n.hea.csv
292K,s17589-2692-01-08-02-38n.hea.csv
556K,s17589-2692-01-09-15-38n.hea.csv
1.4M,s17589-2692-01-12-13-38n.hea.csv
160K,s17589-2692-01-19-19-11n.hea.csv
104K,s17589-2692-01-20-16-18n.hea.csv
764K,s17589-2692-02-25-16-01n.hea.csv
552K,s17589-2692-02-29-19-21n.hea.csv
496K,s17629-3381-08-11-06-17n.hea.csv
844K,s17629-3381-08-31-11-27n.hea.csv
608K,s17674-3262-10-05-20-57n.hea.csv
524K,s17690-3376-07-12-20-42n.hea.csv
4.0K,s17690-3376-07-16-06-24n.hea.csv
236K,s17691-3332-11-04-22-33n.hea.csv
52K,s17696-3370-11-04-22-31n.hea.csv
12K,s17696-3370-11-05-07-02n.hea.csv
64K,s17696-3370-11-05-13-41n.hea.csv
56K,s17696-3370-11-06-01-19n.hea.csv
428K,s17696-3370-11-06-12-07n.hea.csv
92K,s17702-3499-01-19-12-35n.hea.csv
376K,s17712-2851-06-19-12-36n.hea.csv
600K,s17722-2765-03-04-10-06n.hea.csv
16K,s17722-2765-03-08-13-09n.hea.csv
220K,s17748-3271-11-03-17-56n.hea.csv
228K,s17765-3121-06-22-22-00n.hea.csv
24K,s17765-3121-06-24-09-44n.hea.csv
708K,s17765-3121-06-24-18-23n.hea.csv
724K,s17785-3192-08-26-17-05n.hea.csv
156K,s17785-3192-08-31-07-10n.hea.csv
16K,s17798-3100-10-24-14-01n.hea.csv
1.1M,s17803-2807-08-24-11-47n.hea.csv
564K,s17810-2597-09-08-10-44n.hea.csv
4.0K,s17810-2597-09-11-00-25n.hea.csv
8.0K,s17810-2597-09-11-10-22n.hea.csv
1.6M,s17822-3441-06-03-14-21n.hea.csv
392K,s17822-3441-06-12-11-09n.hea.csv
220K,s17828-2506-08-14-07-43n.hea.csv
192K,s17828-2506-08-15-15-31n.hea.csv
1004K,s17828-2506-08-16-14-28n.hea.csv
100K,s17828-2506-08-20-23-07n.hea.csv
132K,s17828-2506-08-21-11-47n.hea.csv
188K,s17847-3365-04-23-16-04n.hea.csv
252K,s17865-2830-12-11-01-04n.hea.csv
2.9M,s17913-3111-01-12-12-36n.hea.csv
60K,s17920-2627-09-12-12-48n.hea.csv
116K,s17920-2627-09-12-22-51n.hea.csv
684K,s17929-3275-08-17-05-34n.hea.csv
184K,s17929-3275-08-21-11-12n.hea.csv
52K,s17929-3275-08-22-15-55n.hea.csv
8.0K,s17929-3275-08-23-02-23n.hea.csv
40K,s17948-2898-09-15-07-44n.hea.csv
136K,s17948-2898-09-15-14-27n.hea.csv
88K,s17959-3495-10-27-04-36n.hea.csv
208K,s17959-3495-10-27-16-59n.hea.csv
324K,s17959-3495-10-28-16-39n.hea.csv
280K,s17959-3495-10-30-04-19n.hea.csv
8.0K,s17959-3495-10-31-09-06n.hea.csv
1.9M,s17976-3240-10-18-13-13n.hea.csv
776K,s17976-3240-10-26-13-09n.hea.csv
184K,s17976-3240-10-31-11-34n.hea.csv
468K,s18088-2818-08-10-17-05n.hea.csv
1.4M,s18108-3167-05-16-03-04n.hea.csv
548K,s18126-3061-06-17-14-33n.hea.csv
548K,s18126-3061-06-21-00-34n.hea.csv
140K,s18126-3061-06-24-16-57n.hea.csv
108K,s18126-3061-06-25-15-50n.hea.csv
4.0K,s18126-3061-06-26-09-20n.hea.csv
8.0K,s18126-3061-06-26-12-23n.hea.csv
420K,s18126-3061-09-09-15-41n.hea.csv
4.0K,s18166-3435-06-04-05-27n.hea.csv
32K,s18166-3435-06-04-06-38n.hea.csv
12K,s18166-3435-06-04-15-54n.hea.csv
604K,s18166-3435-06-04-21-06n.hea.csv
4.0K,s18219-2916-09-08-04-42n.hea.csv
16K,s18219-2916-09-08-11-21n.hea.csv
464K,s18219-2916-09-08-14-44n.hea.csv
28K,s18219-2916-09-11-14-38n.hea.csv
876K,s18229-2974-03-25-20-06n.hea.csv
148K,s18239-2775-11-17-13-31n.hea.csv
228K,s18239-2775-11-18-11-35n.hea.csv
224K,s18239-2775-11-19-17-52n.hea.csv
84K,s18243-2876-08-09-02-08n.hea.csv
8.0K,s18243-2876-08-10-01-08n.hea.csv
288K,s18248-3320-10-14-01-59n.hea.csv
184K,s18269-2814-11-05-18-24n.hea.csv
24K,s18358-2974-03-31-20-17n.hea.csv
184K,s18358-2974-04-01-00-35n.hea.csv
376K,s18377-3278-11-04-17-06n.hea.csv
4.0K,s18401-3490-02-13-17-05n.hea.csv
920K,s18401-3490-02-13-18-55n.hea.csv
12K,s18401-3490-02-17-12-16n.hea.csv
244K,s18413-3047-06-23-13-18n.hea.csv
80K,s18413-3047-06-23-22-31n.hea.csv
1.2M,s18413-3047-06-24-14-59n.hea.csv
348K,s18487-3146-10-11-17-06n.hea.csv
4.0K,s18487-3146-10-13-19-04n.hea.csv
716K,s18489-2651-10-03-18-52n.hea.csv
732K,s18498-3135-05-29-15-09n.hea.csv
164K,s18546-2810-10-07-23-50n.hea.csv
204K,s18568-2907-11-14-16-42n.hea.csv
372K,s18568-2907-11-15-14-08n.hea.csv
24K,s18584-3310-03-01-21-15n.hea.csv
144K,s18584-3310-03-02-04-31n.hea.csv
1.7M,s18584-3310-03-07-16-28n.hea.csv
160K,s18595-2694-10-06-15-44n.hea.csv
480K,s18595-2694-10-07-16-37n.hea.csv
428K,s18597-2869-12-13-22-40n.hea.csv
12K,s18597-2869-12-16-22-52n.hea.csv
204K,s18676-3351-06-28-14-32n.hea.csv
156K,s18676-3351-06-29-18-18n.hea.csv
924K,s18676-3351-06-30-15-42n.hea.csv
376K,s18676-3351-07-05-12-08n.hea.csv
220K,s18676-3351-07-07-14-26n.hea.csv
20K,s18681-2622-12-09-16-21n.hea.csv
812K,s18681-2622-12-10-01-23n.hea.csv
292K,s18685-3353-12-29-19-01n.hea.csv
4.0K,s18687-3208-07-03-15-28n.hea.csv
224K,s18687-3208-07-04-11-17n.hea.csv
328K,s18688-3411-08-17-14-00n.hea.csv
1.1M,s18695-2632-10-27-21-39n.hea.csv
2.2M,s18696-3379-07-10-10-25n.hea.csv
1016K,s18696-3379-07-23-12-21n.hea.csv
920K,s18696-3379-07-29-21-26n.hea.csv
284K,s18696-3379-08-04-15-03n.hea.csv
1.2M,s18738-3021-06-25-03-48n.hea.csv
136K,s18786-3059-01-26-14-57n.hea.csv
104K,s18786-3059-01-27-14-02n.hea.csv
324K,s18846-2646-09-23-08-20n.hea.csv
960K,s18852-3433-09-10-18-04n.hea.csv
1.5M,s18875-2700-12-13-12-36n.hea.csv
220K,s18925-3405-01-17-11-50n.hea.csv
940K,s18952-3399-03-28-11-50n.hea.csv
768K,s18982-3011-11-15-11-35n.hea.csv
80K,s18982-3013-04-10-10-42n.hea.csv
16K,s18982-3013-04-11-17-01n.hea.csv
136K,s18988-2561-11-26-17-53n.hea.csv
764K,s18988-2561-11-27-16-30n.hea.csv
768K,s18995-3320-04-22-09-26n.hea.csv
204K,s18995-3320-04-27-09-48n.hea.csv
20K,s18998-3186-09-18-20-08n.hea.csv
944K,s18998-3186-09-19-13-21n.hea.csv
148K,s19005-2963-05-09-16-41n.hea.csv
24K,s19012-3358-04-20-03-22n.hea.csv
40K,s19012-3358-04-20-06-39n.hea.csv
676K,s19012-3358-04-24-08-12n.hea.csv
28K,s19016-3212-11-02-15-00n.hea.csv
744K,s19029-2737-08-22-00-28n.hea.csv
796K,s19053-3411-08-15-15-23n.hea.csv
700K,s19053-3411-08-18-19-00n.hea.csv
536K,s19053-3411-08-21-12-44n.hea.csv
332K,s19053-3411-08-23-18-02n.hea.csv
1.2M,s19055-3331-03-28-16-17n.hea.csv
3.6M,s19055-3331-04-02-13-33n.hea.csv
1.4M,s19087-2560-06-15-07-53n.hea.csv
464K,s19102-3411-09-15-15-13n.hea.csv
12K,s19102-3411-09-18-12-36n.hea.csv
744K,s19102-3411-12-18-14-00n.hea.csv
1.3M,s19125-3158-05-01-17-59n.hea.csv
360K,s19208-3013-07-28-18-51n.hea.csv
904K,s19208-3013-07-30-21-25n.hea.csv
516K,s19208-3013-08-04-22-37n.hea.csv
524K,s19208-3013-08-07-21-21n.hea.csv
316K,s19213-2629-10-06-15-48n.hea.csv
12K,s19213-2629-10-08-15-25n.hea.csv
176K,s19213-2631-12-06-15-43n.hea.csv
36K,s19213-2631-12-07-20-17n.hea.csv
16K,s19213-2631-12-08-04-00n.hea.csv
384K,s19218-3067-11-06-12-12n.hea.csv
420K,s19218-3067-11-08-12-00n.hea.csv
568K,s19220-3209-10-16-11-23n.hea.csv
2.8M,s19246-2670-09-22-00-03n.hea.csv
672K,s19246-2670-10-17-13-55n.hea.csv
1.3M,s19246-2670-10-21-07-45n.hea.csv
528K,s19246-2670-10-26-17-06n.hea.csv
176K,s19296-2931-06-13-15-08n.hea.csv
700K,s19296-2931-06-14-14-49n.hea.csv
768K,s19297-2702-01-30-14-01n.hea.csv
320K,s19297-2702-02-02-23-19n.hea.csv
392K,s19297-2702-02-04-14-06n.hea.csv
116K,s19297-2702-02-06-14-01n.hea.csv
64K,s19330-3012-03-03-12-17n.hea.csv
8.0K,s19330-3012-03-03-22-39n.hea.csv
216K,s19364-3349-10-29-11-04n.hea.csv
896K,s19380-3462-08-20-18-49n.hea.csv
336K,s19418-3190-02-01-21-07n.hea.csv
200K,s19430-3165-10-06-14-40n.hea.csv
564K,s19513-2948-07-24-22-26n.hea.csv
1.2M,s19538-3094-11-29-12-36n.hea.csv
1.2M,s19538-3094-12-06-03-47n.hea.csv
4.0K,s19563-3486-05-17-14-43n.hea.csv
304K,s19603-3279-11-30-14-13n.hea.csv
564K,s19604-3208-12-22-00-30n.hea.csv
296K,s19618-3447-02-14-18-19n.hea.csv
180K,s19618-3447-02-16-15-11n.hea.csv
228K,s19620-2668-03-13-00-52n.hea.csv
4.0K,s19620-2668-03-14-12-26n.hea.csv
1.3M,s19624-2698-11-15-15-57n.hea.csv
2.0M,s19634-3400-11-04-13-38n.hea.csv
304K,s19649-3251-07-29-09-07n.hea.csv
264K,s19655-3027-12-23-14-13n.hea.csv
512K,s19655-3027-12-24-22-42n.hea.csv
12K,s19655-3027-12-26-16-19n.hea.csv
108K,s19655-3027-12-27-14-04n.hea.csv
200K,s19733-2658-02-18-06-36n.hea.csv
356K,s19733-2658-02-19-04-24n.hea.csv
1.2M,s19734-3231-04-05-10-40n.hea.csv
488K,s19815-2843-08-21-11-26n.hea.csv
196K,s19815-2843-09-10-14-39n.hea.csv
300K,s19834-3011-05-04-06-13n.hea.csv
344K,s19848-2912-08-28-13-07n.hea.csv
12K,s19848-2912-08-30-20-34n.hea.csv
1.3M,s19891-3246-04-09-11-51n.hea.csv
432K,s19898-2508-12-03-03-02n.hea.csv
40K,s19898-2508-12-05-20-51n.hea.csv
488K,s19918-3316-02-23-19-27n.hea.csv
4.0K,s19936-3137-04-05-08-46n.hea.csv
784K,s19936-3137-04-05-19-14n.hea.csv
4.0K,s19936-3137-04-10-19-32n.hea.csv
140K,s19947-2563-04-04-14-46n.hea.csv
232K,s19947-2563-04-05-10-44n.hea.csv
20K,s19947-2563-04-06-21-13n.hea.csv
128K,s19965-2965-04-25-18-22n.hea.csv
448K,s19965-2965-04-26-16-16n.hea.csv
20K,s19965-2965-04-29-13-25n.hea.csv
4.0K,s19965-2965-04-29-17-52n.hea.csv
676K,s19975-2748-07-17-03-56n.hea.csv
4.0K,s19975-2748-07-20-23-58n.hea.csv
236K,s19977-3237-08-24-12-37n.hea.csv
208K,s20062-3131-03-26-14-18n.hea.csv
112K,s20124-3209-08-19-18-52n.hea.csv
1.2M,s20124-3209-08-28-17-08n.hea.csv
100K,s20129-2937-08-28-16-50n.hea.csv
924K,s20181-2912-12-23-22-05n.hea.csv
1016K,s20181-2912-12-29-18-26n.hea.csv
16K,s20238-3372-09-17-15-35n.hea.csv
800K,s20238-3372-09-17-17-46n.hea.csv
832K,s20238-3372-10-09-11-24n.hea.csv
360K,s20246-3207-03-19-13-19n.hea.csv
472K,s20268-3076-01-11-19-38n.hea.csv
620K,s20268-3076-01-14-18-18n.hea.csv
108K,s20268-3076-01-18-15-30n.hea.csv
76K,s20269-2616-12-20-01-24n.hea.csv
424K,s20303-2560-02-22-19-21n.hea.csv
52K,s20303-2560-02-25-00-39n.hea.csv
2.0M,s20324-3120-09-09-13-15n.hea.csv
660K,s20324-3120-09-17-13-11n.hea.csv
156K,s20345-2680-06-15-20-38n.hea.csv
352K,s20354-2526-08-15-01-22n.hea.csv
1.1M,s20354-2526-08-16-17-22n.hea.csv
236K,s20354-2526-08-23-15-36n.hea.csv
1.2M,s20354-2526-08-25-00-53n.hea.csv
236K,s20354-2526-08-29-18-00n.hea.csv
268K,s20354-2526-08-30-17-26n.hea.csv
428K,s20389-3037-07-20-14-30n.hea.csv
652K,s20403-3071-09-01-17-08n.hea.csv
72K,s20448-2684-11-22-06-21n.hea.csv
324K,s20450-3242-03-04-04-25n.hea.csv
100K,s20450-3242-03-06-14-03n.hea.csv
756K,s20459-2538-10-18-21-39n.hea.csv
256K,s20474-2920-06-05-14-14n.hea.csv
624K,s20474-2920-06-07-18-19n.hea.csv
116K,s20546-3118-02-26-19-34n.hea.csv
868K,s20546-3118-02-27-14-52n.hea.csv
468K,s20564-2981-11-27-14-36n.hea.csv
232K,s20564-2981-11-29-12-14n.hea.csv
404K,s20575-2503-09-25-13-38n.hea.csv
2.3M,s20582-3263-04-03-20-44n.hea.csv
16K,s20582-3263-04-16-15-54n.hea.csv
984K,s20589-2678-02-07-13-11n.hea.csv
1.2M,s20658-2509-07-05-12-19n.hea.csv
2.7M,s20658-2509-07-10-19-48n.hea.csv
64K,s20658-2509-07-24-13-16n.hea.csv
1.6M,s20658-2509-07-24-23-18n.hea.csv
828K,s20658-2509-08-02-18-16n.hea.csv
1.4M,s20679-3445-08-08-11-23n.hea.csv
532K,s20689-3390-08-20-11-25n.hea.csv
176K,s20763-3290-01-29-14-46n.hea.csv
12K,s20763-3290-01-30-17-22n.hea.csv
244K,s20766-2790-04-19-20-53n.hea.csv
204K,s20794-2882-09-10-12-02n.hea.csv
488K,s20794-2882-09-12-06-33n.hea.csv
56K,s20794-2882-09-15-11-56n.hea.csv
1.6M,s20795-2536-09-17-00-09n.hea.csv
456K,s20846-2570-04-23-10-07n.hea.csv
2.2M,s20846-2570-04-26-04-39n.hea.csv
68K,s20856-2916-09-08-19-03n.hea.csv
196K,s20856-2916-09-09-03-55n.hea.csv
8.0K,s20856-2916-09-10-04-25n.hea.csv
712K,s20860-3496-02-28-14-14n.hea.csv
4.0K,s20922-3173-01-04-12-29n.hea.csv
244K,s20922-3173-01-04-15-06n.hea.csv
264K,s20929-2900-02-20-10-26n.hea.csv
952K,s20929-2900-02-21-16-15n.hea.csv
4.0K,s20929-2900-03-01-09-04n.hea.csv
656K,s20929-2900-08-16-18-19n.hea.csv
628K,s20929-2900-08-27-17-06n.hea.csv
176K,s20936-2733-06-24-13-36n.hea.csv
36K,s20936-2733-06-25-16-52n.hea.csv
156K,s20936-2733-06-25-23-25n.hea.csv
104K,s20936-2733-06-26-22-15n.hea.csv
1012K,s20936-2733-06-27-15-21n.hea.csv
8.0K,s20936-2733-07-04-09-11n.hea.csv
276K,s20984-3178-09-21-16-46n.hea.csv
772K,s20984-3178-09-22-22-39n.hea.csv
504K,s20986-2619-08-19-17-06n.hea.csv
188K,s20986-2619-08-22-14-44n.hea.csv
44K,s21011-2890-09-18-20-32n.hea.csv
108K,s21011-2890-09-19-02-19n.hea.csv
80K,s21011-2890-09-19-15-19n.hea.csv
256K,s21030-3174-10-13-13-22n.hea.csv
384K,s21030-3174-10-15-13-48n.hea.csv
1.1M,s21048-2560-08-29-12-59n.hea.csv
856K,s21048-2560-09-04-15-53n.hea.csv
404K,s21050-3273-03-19-20-25n.hea.csv
32K,s21050-3273-03-22-13-00n.hea.csv
12K,s21050-3273-03-22-19-46n.hea.csv
860K,s21050-3273-03-23-02-28n.hea.csv
20K,s21071-3138-05-28-12-57n.hea.csv
312K,s21071-3138-05-28-16-17n.hea.csv
40K,s21088-3379-02-23-16-42n.hea.csv
312K,s21088-3379-02-24-00-00n.hea.csv
168K,s21088-3379-02-25-19-26n.hea.csv
368K,s21088-3379-02-26-19-28n.hea.csv
844K,s21108-3442-08-19-14-30n.hea.csv
324K,s21138-2725-04-04-10-41n.hea.csv
4.0K,s21147-3030-10-12-22-48n.hea.csv
164K,s21147-3030-10-13-00-06n.hea.csv
232K,s21152-2748-05-19-08-58n.hea.csv
392K,s21152-2748-05-20-18-45n.hea.csv
520K,s21152-2748-05-22-11-18n.hea.csv
388K,s21156-3500-01-02-15-59n.hea.csv
8.0K,s21156-3500-01-05-02-39n.hea.csv
264K,s21161-2663-05-26-15-20n.hea.csv
1.3M,s21162-3347-09-06-18-47n.hea.csv
1.3M,s21187-2642-09-15-13-16n.hea.csv
992K,s21187-2642-09-23-13-11n.hea.csv
2.0M,s21219-2720-07-01-16-09n.hea.csv
1.6M,s21219-2720-07-09-12-43n.hea.csv
1.5M,s21219-2720-07-15-18-07n.hea.csv
1.6M,s21219-2720-07-21-17-25n.hea.csv
132K,s21258-3068-09-24-14-42n.hea.csv
4.0K,s21258-3068-09-25-15-16n.hea.csv
236K,s21265-3201-06-02-16-06n.hea.csv
780K,s21265-3201-06-08-12-21n.hea.csv
100K,s21270-3316-08-30-19-33n.hea.csv
2.9M,s21271-3305-08-05-13-57n.hea.csv
164K,s21271-3305-08-20-00-13n.hea.csv
948K,s21271-3305-08-20-18-06n.hea.csv
52K,s21305-3212-10-23-15-59n.hea.csv
452K,s21305-3212-10-24-00-04n.hea.csv
156K,s21305-3212-10-26-14-43n.hea.csv
168K,s21317-2637-06-07-14-15n.hea.csv
452K,s21321-3261-10-19-14-25n.hea.csv
8.0K,s21321-3261-10-21-15-02n.hea.csv
236K,s21321-3261-11-24-12-33n.hea.csv
692K,s21321-3261-11-25-21-04n.hea.csv
680K,s21321-3261-11-29-20-03n.hea.csv
8.0K,s21321-3261-12-03-19-01n.hea.csv
120K,s21328-2543-11-07-16-14n.hea.csv
60K,s21328-2543-11-08-10-10n.hea.csv
556K,s21349-2872-09-22-13-13n.hea.csv
580K,s21438-3006-11-11-13-40n.hea.csv
60K,s21438-3006-11-13-06-20n.hea.csv
196K,s21438-3006-11-13-14-21n.hea.csv
1.3M,s21438-3006-11-14-13-43n.hea.csv
296K,s21481-3330-08-29-22-02n.hea.csv
4.0K,s21483-3415-02-02-00-21n.hea.csv
772K,s21483-3415-02-02-12-15n.hea.csv
840K,s21484-2591-05-13-07-38n.hea.csv
24K,s21484-2591-05-18-19-34n.hea.csv
440K,s21504-3187-01-23-16-14n.hea.csv
1.2M,s21517-2801-12-27-12-35n.hea.csv
220K,s21521-2737-06-05-06-25n.hea.csv
656K,s21559-2764-07-16-15-04n.hea.csv
656K,s21561-2502-04-26-13-49n.hea.csv
168K,s21570-2932-05-16-17-50n.hea.csv
1.2M,s21584-2872-07-29-12-19n.hea.csv
288K,s21584-2872-08-03-12-00n.hea.csv
464K,s21584-2872-08-04-19-26n.hea.csv
924K,s21584-2872-08-07-16-29n.hea.csv
1.1M,s21663-2838-03-09-10-42n.hea.csv
8.0K,s21663-2838-04-15-10-58n.hea.csv
20K,s21663-2838-04-15-16-54n.hea.csv
388K,s21681-3480-11-04-19-02n.hea.csv
72K,s21709-2984-07-29-08-21n.hea.csv
64K,s21709-2984-07-29-21-11n.hea.csv
112K,s21709-2984-07-30-06-21n.hea.csv
192K,s21709-2984-07-30-13-45n.hea.csv
132K,s21709-2984-07-30-22-44n.hea.csv
388K,s21709-2984-07-31-15-39n.hea.csv
24K,s21709-2984-08-02-13-16n.hea.csv
232K,s21709-2984-08-04-13-16n.hea.csv
752K,s21710-2964-06-04-13-03n.hea.csv
1004K,s21734-3349-11-11-15-57n.hea.csv
68K,s21734-3349-11-17-10-26n.hea.csv
4.0K,s21766-3336-05-22-17-05n.hea.csv
460K,s21766-3336-05-23-19-50n.hea.csv
20K,s21775-3360-08-07-21-59n.hea.csv
1.2M,s21775-3360-08-08-03-07n.hea.csv
12K,s21775-3360-08-14-14-58n.hea.csv
1.5M,s21775-3360-08-14-18-01n.hea.csv
12K,s21775-3360-08-23-05-54n.hea.csv
108K,s21797-2603-02-10-18-44n.hea.csv
212K,s21797-2603-02-11-13-03n.hea.csv
4.0K,s21797-2603-02-12-20-30n.hea.csv
52K,s21805-3388-07-07-02-16n.hea.csv
24K,s21805-3388-07-07-11-49n.hea.csv
240K,s21809-3302-11-07-11-42n.hea.csv
532K,s21809-3302-11-08-10-58n.hea.csv
904K,s21811-2504-06-27-16-33n.hea.csv
496K,s21817-3128-08-14-00-37n.hea.csv
284K,s21817-3128-08-17-15-34n.hea.csv
1.6M,s21845-3072-11-19-13-39n.hea.csv
1.2M,s21857-3138-11-02-18-08n.hea.csv
672K,s21873-2548-07-08-14-30n.hea.csv
16K,s21920-2538-09-06-12-00n.hea.csv
4.0K,s21920-2538-09-06-23-35n.hea.csv
144K,s21920-2538-09-07-18-59n.hea.csv
168K,s21920-2538-09-08-15-31n.hea.csv
24K,s21920-2538-09-09-14-08n.hea.csv
20K,s21954-2634-03-15-10-42n.hea.csv
220K,s21974-2593-10-01-13-53n.hea.csv
1.2M,s22017-3351-11-24-01-00n.hea.csv
76K,s22018-2947-07-01-21-50n.hea.csv
200K,s22018-2947-07-02-11-45n.hea.csv
1.2M,s22077-3335-08-25-15-08n.hea.csv
124K,s22077-3335-09-01-15-06n.hea.csv
60K,s22086-2642-04-07-16-43n.hea.csv
1.4M,s22122-2685-11-11-14-28n.hea.csv
1.1M,s22130-3204-03-19-02-38n.hea.csv
64K,s22134-3414-02-02-21-17n.hea.csv
132K,s22134-3414-02-03-14-02n.hea.csv
36K,s22138-3238-11-06-13-36n.hea.csv
236K,s22138-3238-11-06-17-59n.hea.csv
120K,s22156-3415-10-20-11-05n.hea.csv
56K,s22181-3240-11-02-13-11n.hea.csv
172K,s22181-3240-11-03-21-19n.hea.csv
188K,s22200-2878-10-24-21-04n.hea.csv
96K,s22218-3200-05-20-20-46n.hea.csv
4.0K,s22218-3200-05-21-14-14n.hea.csv
852K,s22221-2758-10-08-13-35n.hea.csv
148K,s22241-2997-11-05-03-41n.hea.csv
548K,s22242-3413-03-16-10-43n.hea.csv
1.5M,s22242-3413-03-18-16-38n.hea.csv
136K,s22281-3321-10-22-16-55n.hea.csv
4.0K,s22281-3321-10-23-15-50n.hea.csv
1.1M,s22285-3104-05-18-15-42n.hea.csv
964K,s22306-3287-09-19-16-49n.hea.csv
148K,s22322-2603-12-14-15-03n.hea.csv
440K,s22322-2603-12-15-11-55n.hea.csv
64K,s22322-2603-12-18-06-20n.hea.csv
152K,s22339-3424-03-18-14-46n.hea.csv
592K,s22339-3424-03-19-10-48n.hea.csv
420K,s22354-2785-08-16-12-58n.hea.csv
16K,s22354-2785-08-18-22-36n.hea.csv
52K,s22373-3299-10-27-07-51n.hea.csv
48K,s22373-3299-10-27-16-09n.hea.csv
236K,s22373-3299-10-28-00-53n.hea.csv
1.2M,s22389-2977-11-26-12-32n.hea.csv
1.2M,s22393-3068-11-25-16-03n.hea.csv
4.0K,s22401-2910-02-11-11-43n.hea.csv
232K,s22401-2910-02-11-15-28n.hea.csv
76K,s22414-3135-08-07-02-04n.hea.csv
28K,s22414-3135-08-07-10-09n.hea.csv
668K,s22429-2960-09-12-17-06n.hea.csv
1.9M,s22448-3061-11-14-13-14n.hea.csv
344K,s22448-3061-11-23-09-14n.hea.csv
640K,s22448-3061-11-25-13-09n.hea.csv
224K,s22466-2747-06-07-14-36n.hea.csv
1.1M,s22466-2747-06-08-16-26n.hea.csv
1.6M,s22491-3280-04-02-06-48n.hea.csv
4.0K,s22491-3280-04-15-11-38n.hea.csv
104K,s22496-3279-09-03-01-51n.hea.csv
56K,s22499-3321-08-21-14-41n.hea.csv
156K,s22499-3321-08-21-23-26n.hea.csv
712K,s22499-3321-08-22-18-43n.hea.csv
1.1M,s22508-2769-07-25-09-58n.hea.csv
64K,s22537-3107-04-26-01-24n.hea.csv
676K,s22537-3107-04-26-12-03n.hea.csv
440K,s22603-2693-02-27-12-15n.hea.csv
460K,s22606-2573-08-13-19-07n.hea.csv
948K,s22642-2789-05-04-16-02n.hea.csv
1.4M,s22657-3486-08-26-13-09n.hea.csv
2.5M,s22657-3486-09-02-14-40n.hea.csv
212K,s22657-3486-09-15-13-47n.hea.csv
248K,s22657-3486-09-16-18-01n.hea.csv
116K,s22664-3047-02-11-14-05n.hea.csv
388K,s22669-3376-09-28-12-39n.hea.csv
1.6M,s22673-2980-04-13-14-27n.hea.csv
196K,s22687-2637-11-01-14-42n.hea.csv
140K,s22731-3154-09-06-17-54n.hea.csv
956K,s22731-3154-09-07-14-08n.hea.csv
632K,s22766-3472-05-28-16-22n.hea.csv
1.1M,s22801-2918-02-03-16-00n.hea.csv
1.7M,s22801-2918-02-19-11-37n.hea.csv
468K,s22801-2918-02-28-19-45n.hea.csv
1.2M,s22801-2918-03-07-09-05n.hea.csv
88K,s22809-2752-07-13-02-00n.hea.csv
164K,s22809-2752-07-13-15-54n.hea.csv
720K,s22859-3395-05-22-12-19n.hea.csv
248K,s22879-3086-04-06-14-44n.hea.csv
80K,s22888-2789-06-23-12-19n.hea.csv
16K,s22888-2789-06-24-04-09n.hea.csv
192K,s22908-2663-03-26-19-18n.hea.csv
272K,s22937-2721-05-16-11-04n.hea.csv
88K,s22956-3070-07-19-19-07n.hea.csv
1004K,s22980-3184-08-15-17-43n.hea.csv
1.2M,s22983-3149-03-24-16-02n.hea.csv
224K,s23001-2831-10-16-08-10n.hea.csv
720K,s23015-3045-04-18-16-29n.hea.csv
168K,s23020-2978-05-28-14-18n.hea.csv
136K,s23020-2978-05-29-10-35n.hea.csv
172K,s23020-2978-05-31-21-30n.hea.csv
1.7M,s23020-2978-06-01-16-13n.hea.csv
12K,s23028-2616-08-14-18-49n.hea.csv
4.0K,s23028-2616-08-15-03-29n.hea.csv
708K,s23028-2616-08-16-06-36n.hea.csv
372K,s23047-2557-04-17-07-14n.hea.csv
224K,s23048-3000-06-06-12-20n.hea.csv
184K,s23060-3233-11-28-11-10n.hea.csv
708K,s23092-3451-06-09-12-13n.hea.csv
28K,s23097-3185-01-24-12-34n.hea.csv
1.7M,s23097-3185-01-24-17-03n.hea.csv
1.3M,s23097-3185-02-01-18-20n.hea.csv
140K,s23097-3185-02-07-14-03n.hea.csv
828K,s23105-3322-05-07-12-06n.hea.csv
32K,s23130-3288-08-30-14-24n.hea.csv
692K,s23130-3288-08-30-21-50n.hea.csv
128K,s23166-2679-10-05-04-41n.hea.csv
120K,s23166-2679-10-06-01-47n.hea.csv
136K,s23180-2601-05-19-17-27n.hea.csv
776K,s23270-2819-08-20-14-32n.hea.csv
20K,s23292-3423-04-17-12-33n.hea.csv
148K,s23292-3423-04-17-15-41n.hea.csv
92K,s23292-3423-04-21-02-51n.hea.csv
160K,s23299-3386-09-07-13-13n.hea.csv
244K,s23318-3055-10-17-20-25n.hea.csv
480K,s23321-2827-10-20-15-41n.hea.csv
728K,s23321-2827-10-22-13-09n.hea.csv
16K,s23339-3081-07-22-12-58n.hea.csv
184K,s23339-3081-07-22-16-20n.hea.csv
364K,s23339-3081-07-23-19-23n.hea.csv
156K,s23344-3203-05-18-15-09n.hea.csv
200K,s23351-2584-08-31-22-53n.hea.csv
12K,s23401-3021-11-29-04-18n.hea.csv
2.1M,s23401-3021-11-29-19-03n.hea.csv
148K,s23413-2537-11-11-18-12n.hea.csv
168K,s23413-2537-11-12-14-06n.hea.csv
36K,s23448-2963-05-08-16-01n.hea.csv
156K,s23448-2963-05-08-21-47n.hea.csv
848K,s23459-2716-10-05-14-32n.hea.csv
300K,s23468-3069-10-06-18-50n.hea.csv
512K,s23468-3069-10-08-14-37n.hea.csv
540K,s23468-3069-10-11-15-43n.hea.csv
8.0K,s23470-2805-05-06-11-50n.hea.csv
688K,s23470-2805-05-06-16-54n.hea.csv
760K,s23552-2951-10-14-11-47n.hea.csv
476K,s23552-2951-10-17-15-20n.hea.csv
232K,s23575-3133-07-05-11-37n.hea.csv
428K,s23575-3133-07-06-15-43n.hea.csv
88K,s23578-3293-07-09-03-02n.hea.csv
72K,s23578-3293-07-09-20-53n.hea.csv
64K,s23578-3293-07-10-11-35n.hea.csv
1.6M,s23578-3293-07-11-01-48n.hea.csv
4.0K,s23578-3293-07-15-04-31n.hea.csv
180K,s23580-3077-09-09-16-58n.hea.csv
1.5M,s23580-3077-09-10-15-14n.hea.csv
4.0K,s23580-3077-09-17-12-55n.hea.csv
184K,s23580-3077-09-17-14-24n.hea.csv
360K,s23584-2570-05-22-14-44n.hea.csv
184K,s23590-3090-10-31-21-28n.hea.csv
12K,s23590-3090-11-02-03-27n.hea.csv
812K,s23591-3173-09-19-00-59n.hea.csv
1.1M,s23594-2877-03-02-10-43n.hea.csv
352K,s23594-2877-03-08-15-49n.hea.csv
208K,s23599-2838-11-12-13-28n.hea.csv
720K,s23599-2838-11-13-11-38n.hea.csv
1.1M,s23599-2838-11-16-14-06n.hea.csv
704K,s23617-2741-04-24-20-47n.hea.csv
320K,s23619-3429-10-27-15-58n.hea.csv
932K,s23620-2857-06-14-17-53n.hea.csv
8.0K,s23626-3444-08-16-12-35n.hea.csv
476K,s23626-3444-08-16-15-03n.hea.csv
280K,s23626-3444-08-19-20-06n.hea.csv
764K,s23626-3444-08-21-14-41n.hea.csv
448K,s23627-3415-09-19-13-18n.hea.csv
1.4M,s23641-2610-06-20-01-40n.hea.csv
840K,s23652-3390-11-06-21-01n.hea.csv
4.0K,s23675-3441-08-26-00-51n.hea.csv
260K,s23675-3441-08-26-08-23n.hea.csv
568K,s23675-3441-08-27-20-35n.hea.csv
224K,s23675-3441-08-30-16-01n.hea.csv
204K,s23749-2839-03-28-13-10n.hea.csv
616K,s23761-2721-02-18-02-30n.hea.csv
140K,s23761-2721-02-21-14-45n.hea.csv
116K,s23780-3348-04-16-12-14n.hea.csv
672K,s23782-3002-12-02-12-34n.hea.csv
120K,s23811-3425-10-02-19-10n.hea.csv
948K,s23811-3425-10-03-13-53n.hea.csv
32K,s23811-3425-10-07-17-02n.hea.csv
4.0K,s23869-2728-10-29-07-54n.hea.csv
492K,s23869-2728-10-30-14-28n.hea.csv
4.0K,s23869-2728-11-02-19-01n.hea.csv
284K,s23890-2832-10-25-12-55n.hea.csv
192K,s23890-2832-10-26-17-49n.hea.csv
4.0K,s23907-3278-07-27-13-20n.hea.csv
216K,s23907-3278-07-27-14-49n.hea.csv
92K,s23907-3278-07-28-22-37n.hea.csv
44K,s23907-3278-07-29-12-05n.hea.csv
224K,s23922-3255-10-07-15-28n.hea.csv
116K,s23934-2934-03-23-12-14n.hea.csv
324K,s24004-3488-06-26-14-54n.hea.csv
1.1M,s24004-3488-06-28-15-42n.hea.csv
4.0K,s24030-2588-05-17-15-52n.hea.csv
508K,s24030-2588-05-18-02-09n.hea.csv
1.2M,s24063-3016-12-09-20-04n.hea.csv
16K,s24064-3284-06-14-05-46n.hea.csv
920K,s24064-3284-06-14-10-29n.hea.csv
184K,s24124-3101-01-25-14-16n.hea.csv
472K,s24133-3164-03-31-18-14n.hea.csv
2.2M,s24142-3398-08-01-12-24n.hea.csv
748K,s24152-3202-06-14-09-32n.hea.csv
640K,s24177-3161-02-04-10-41n.hea.csv
156K,s24177-3161-02-08-16-04n.hea.csv
4.0K,s24314-3252-06-14-22-54n.hea.csv
724K,s24314-3252-06-16-01-55n.hea.csv
152K,s24357-3129-07-25-18-59n.hea.csv
56K,s24406-2761-08-18-12-23n.hea.csv
308K,s24417-2504-11-12-14-28n.hea.csv
372K,s24417-2504-11-14-18-21n.hea.csv
1.1M,s24431-2726-09-22-01-33n.hea.csv
220K,s24431-2726-09-26-17-55n.hea.csv
500K,s24431-2726-09-27-16-54n.hea.csv
112K,s24438-2910-03-14-22-54n.hea.csv
16K,s24438-2910-03-15-20-59n.hea.csv
268K,s24446-3394-10-21-11-08n.hea.csv
408K,s24457-2758-09-30-13-42n.hea.csv
4.0K,s24460-3042-02-20-14-53n.hea.csv
328K,s24460-3042-02-20-16-35n.hea.csv
8.0K,s24460-3042-02-23-01-21n.hea.csv
112K,s24475-3447-02-10-02-20n.hea.csv
472K,s24508-3334-11-05-15-05n.hea.csv
276K,s24508-3334-11-07-14-39n.hea.csv
924K,s24508-3334-11-08-19-08n.hea.csv
212K,s24514-3276-02-02-10-09n.hea.csv
4.0K,s24532-3257-10-08-17-26n.hea.csv
148K,s24532-3257-10-08-19-33n.hea.csv
160K,s24532-3257-10-09-14-07n.hea.csv
328K,s24547-3322-09-11-17-06n.hea.csv
140K,s24547-3322-09-13-20-00n.hea.csv
296K,s24547-3322-09-14-17-42n.hea.csv
292K,s24547-3322-09-16-14-04n.hea.csv
664K,s24556-3144-09-08-22-11n.hea.csv
1.9M,s24556-3144-09-15-14-33n.hea.csv
512K,s24559-3376-04-09-12-50n.hea.csv
152K,s24559-3376-04-11-19-10n.hea.csv
616K,s24560-3474-11-05-22-12n.hea.csv
204K,s24560-3474-11-09-10-49n.hea.csv
1.1M,s24560-3474-11-10-14-09n.hea.csv
80K,s24562-3337-07-30-01-35n.hea.csv
8.0K,s24562-3337-07-30-15-20n.hea.csv
204K,s24562-3337-08-02-14-34n.hea.csv
644K,s24562-3337-08-05-16-48n.hea.csv
308K,s24567-3256-03-29-20-10n.hea.csv
372K,s24567-3256-04-01-00-23n.hea.csv
156K,s24567-3256-04-03-10-04n.hea.csv
48K,s24569-2747-09-17-18-50n.hea.csv
4.0K,s24569-2747-09-17-22-11n.hea.csv
480K,s24569-2747-09-18-02-14n.hea.csv
1.1M,s24573-2673-04-05-10-41n.hea.csv
156K,s24577-2670-06-01-17-49n.hea.csv
312K,s24577-2670-10-31-17-21n.hea.csv
272K,s24577-2670-11-02-16-19n.hea.csv
1.9M,s24591-3029-08-31-04-34n.hea.csv
156K,s24591-3029-09-07-23-06n.hea.csv
180K,s24597-2846-03-28-16-19n.hea.csv
1.1M,s24597-2846-03-29-14-21n.hea.csv
232K,s24597-2846-04-03-10-15n.hea.csv
2.0M,s24597-2846-04-04-16-12n.hea.csv
28K,s24597-2846-05-01-16-10n.hea.csv
2.4M,s24609-2500-10-27-14-34n.hea.csv
516K,s24609-2500-11-09-10-38n.hea.csv
328K,s24626-2680-03-30-19-54n.hea.csv
4.0K,s24666-3317-08-20-11-58n.hea.csv
72K,s24666-3317-08-20-12-41n.hea.csv
32K,s24666-3317-08-20-16-31n.hea.csv
700K,s24690-2955-05-23-12-16n.hea.csv
868K,s24711-3316-09-29-14-50n.hea.csv
232K,s24730-3011-07-25-19-02n.hea.csv
504K,s24746-2888-09-17-17-09n.hea.csv
200K,s24746-2888-09-20-13-48n.hea.csv
548K,s24746-2888-09-21-18-52n.hea.csv
4.0K,s24748-3403-05-06-14-23n.hea.csv
144K,s24748-3403-05-06-18-29n.hea.csv
8.0K,s24792-3360-11-05-06-28n.hea.csv
964K,s24792-3360-11-05-09-29n.hea.csv
24K,s24792-3360-11-09-22-23n.hea.csv
1.9M,s24799-3074-09-03-13-14n.hea.csv
472K,s24799-3074-09-11-13-10n.hea.csv
320K,s24799-3074-09-14-14-47n.hea.csv
360K,s24804-3219-12-03-00-38n.hea.csv
916K,s24804-3219-12-04-17-41n.hea.csv
160K,s24822-3398-03-10-23-11n.hea.csv
648K,s24828-2568-02-25-16-01n.hea.csv
488K,s24828-2568-02-29-17-03n.hea.csv
1.5M,s24828-2568-03-12-10-41n.hea.csv
1020K,s24837-3279-04-13-16-02n.hea.csv
928K,s24837-3279-04-18-09-30n.hea.csv
128K,s24837-3279-06-19-14-31n.hea.csv
164K,s24837-3279-06-20-10-28n.hea.csv
172K,s24837-3279-06-21-11-55n.hea.csv
4.0K,s24837-3279-06-22-15-46n.hea.csv
104K,s24897-2515-04-23-10-43n.hea.csv
20K,s24897-2515-04-23-23-16n.hea.csv
2.0M,s24922-2864-09-04-13-13n.hea.csv
120K,s24923-2863-12-02-23-03n.hea.csv
416K,s24923-2863-12-03-16-00n.hea.csv
2.3M,s24923-2863-12-06-02-13n.hea.csv
36K,s24924-3498-02-04-02-45n.hea.csv
532K,s24924-3498-02-04-10-20n.hea.csv
1.9M,s24984-2978-07-20-08-08n.hea.csv
1.1M,s24984-2978-07-30-18-01n.hea.csv
140K,s24984-2978-08-05-20-00n.hea.csv
1.2M,s24984-2978-08-06-16-35n.hea.csv
8.0K,s24984-2978-08-13-20-11n.hea.csv
2.0M,s25016-2585-09-02-14-34n.hea.csv
800K,s25030-2647-07-15-17-33n.hea.csv
1.1M,s25073-2707-03-11-11-50n.hea.csv
152K,s25081-3157-07-07-23-27n.hea.csv
12K,s25081-3157-07-09-08-31n.hea.csv
224K,s25107-3257-04-20-11-26n.hea.csv
60K,s25111-2514-04-12-02-50n.hea.csv
228K,s25111-2514-04-16-09-04n.hea.csv
4.0K,s25111-2514-04-17-19-06n.hea.csv
880K,s25140-2592-04-05-19-19n.hea.csv
108K,s25168-2809-10-19-01-26n.hea.csv
440K,s25171-2608-05-21-19-09n.hea.csv
300K,s25174-3240-03-22-16-36n.hea.csv
276K,s25178-3330-10-26-12-23n.hea.csv
304K,s25207-2940-09-05-16-19n.hea.csv
236K,s25222-2836-09-05-12-04n.hea.csv
452K,s25228-2791-04-30-15-18n.hea.csv
608K,s25228-2791-05-03-19-43n.hea.csv
872K,s25255-3331-09-21-11-16n.hea.csv
152K,s25271-3121-07-06-18-34n.hea.csv
328K,s25297-2930-06-12-14-00n.hea.csv
96K,s25297-2930-06-15-17-08n.hea.csv
8.0K,s25297-2930-06-16-15-26n.hea.csv
312K,s25297-2930-06-16-20-07n.hea.csv
916K,s25318-3367-02-08-00-40n.hea.csv
924K,s25328-3132-03-10-14-19n.hea.csv
140K,s25373-2642-03-31-20-31n.hea.csv
16K,s25373-2642-04-02-03-42n.hea.csv
1.1M,s25400-3405-11-15-16-10n.hea.csv
188K,s25428-2883-11-11-13-14n.hea.csv
1.1M,s25428-2883-11-12-17-04n.hea.csv
4.0K,s25466-3221-10-20-06-59n.hea.csv
488K,s25466-3221-10-20-12-13n.hea.csv
964K,s25466-3221-10-22-15-24n.hea.csv
4.0K,s25585-3373-08-27-15-01n.hea.csv
360K,s25585-3373-08-27-18-02n.hea.csv
96K,s25585-3373-08-30-15-22n.hea.csv
900K,s25602-2786-11-26-14-03n.hea.csv
156K,s25602-2786-12-01-17-11n.hea.csv
308K,s25602-2786-12-02-14-06n.hea.csv
152K,s25602-2786-12-04-12-17n.hea.csv
528K,s25603-2884-03-10-17-16n.hea.csv
204K,s25621-3104-05-14-09-34n.hea.csv
932K,s25621-3104-05-15-20-11n.hea.csv
4.0K,s25627-3317-08-05-10-45n.hea.csv
216K,s25627-3317-08-05-11-52n.hea.csv
724K,s25627-3317-08-06-13-30n.hea.csv
160K,s25659-3265-10-06-13-40n.hea.csv
4.0K,s25659-3265-10-07-15-59n.hea.csv
124K,s25668-2675-09-07-20-14n.hea.csv
536K,s25668-2675-09-08-17-31n.hea.csv
80K,s25699-2838-07-28-19-17n.hea.csv
844K,s25699-2838-07-29-10-43n.hea.csv
112K,s25699-2838-08-03-19-26n.hea.csv
176K,s25699-2838-08-04-15-07n.hea.csv
396K,s25699-2838-08-05-21-32n.hea.csv
24K,s25699-2838-08-08-14-12n.hea.csv
376K,s25699-2838-08-30-01-45n.hea.csv
136K,s25699-2838-09-01-14-56n.hea.csv
56K,s25699-2838-09-02-12-39n.hea.csv
12K,s25699-2838-09-02-23-42n.hea.csv
244K,s25708-3137-04-08-18-23n.hea.csv
268K,s25708-3137-04-10-05-48n.hea.csv
156K,s25721-2747-01-01-13-35n.hea.csv
4.0K,s25725-3011-08-03-21-12n.hea.csv
200K,s25725-3011-08-04-05-54n.hea.csv
476K,s25725-3011-08-05-12-31n.hea.csv
4.0K,s25725-3011-08-08-14-46n.hea.csv
620K,s25851-2521-10-24-17-06n.hea.csv
308K,s25862-3317-08-09-20-38n.hea.csv
852K,s25862-3317-08-11-15-29n.hea.csv
312K,s25862-3317-08-16-19-49n.hea.csv
720K,s25862-3317-08-18-16-03n.hea.csv
124K,s25862-3317-08-22-17-43n.hea.csv
28K,s25862-3317-08-23-12-17n.hea.csv
512K,s25862-3317-08-25-13-19n.hea.csv
400K,s25862-3317-08-28-11-34n.hea.csv
324K,s25862-3317-08-30-18-12n.hea.csv
868K,s25862-3317-09-01-14-20n.hea.csv
196K,s25862-3317-09-06-12-20n.hea.csv
176K,s25862-3317-09-07-16-32n.hea.csv
580K,s25862-3317-09-08-19-08n.hea.csv
332K,s25939-2533-11-12-01-07n.hea.csv
4.0K,s25987-2792-08-19-17-15n.hea.csv
80K,s25987-2792-08-19-20-13n.hea.csv
32K,s25987-2792-08-20-08-56n.hea.csv
740K,s25987-2792-08-20-13-22n.hea.csv
172K,s25988-2853-07-26-18-43n.hea.csv
284K,s26018-3320-04-27-05-49n.hea.csv
120K,s26024-2918-10-18-00-05n.hea.csv
12K,s26024-2918-10-18-16-38n.hea.csv
128K,s26037-2549-07-19-23-20n.hea.csv
1.6M,s26043-3037-10-30-12-02n.hea.csv
464K,s26043-3038-09-06-13-14n.hea.csv
452K,s26043-3038-09-08-12-41n.hea.csv
512K,s26054-2978-06-03-13-06n.hea.csv
312K,s26069-3129-04-29-18-02n.hea.csv
240K,s26087-2804-10-11-02-52n.hea.csv
1.1M,s26094-2921-11-06-14-44n.hea.csv
4.0K,s26094-2921-11-12-20-16n.hea.csv
1.4M,s26097-3259-04-22-10-44n.hea.csv
1.7M,s26105-2832-06-22-15-46n.hea.csv
296K,s26105-2832-06-29-11-32n.hea.csv
848K,s26105-2832-06-30-17-34n.hea.csv
1.1M,s26105-2832-07-28-18-50n.hea.csv
788K,s26105-2832-08-04-16-24n.hea.csv
988K,s26105-2832-08-26-14-41n.hea.csv
896K,s26105-2832-08-30-16-12n.hea.csv
228K,s26133-2580-10-27-17-06n.hea.csv
276K,s26133-2580-10-29-02-03n.hea.csv
188K,s26133-2580-10-30-17-50n.hea.csv
528K,s26133-2580-10-31-21-03n.hea.csv
180K,s26209-2507-02-14-18-29n.hea.csv
284K,s26233-3073-12-22-11-26n.hea.csv
1020K,s26267-2718-07-08-14-31n.hea.csv
4.0K,s26267-2718-07-14-23-18n.hea.csv
2.8M,s26277-2932-04-25-17-32n.hea.csv
396K,s26296-3157-12-09-15-23n.hea.csv
8.0K,s26296-3157-12-12-13-43n.hea.csv
1.1M,s26318-3446-12-04-14-16n.hea.csv
1.2M,s26356-2520-07-03-17-16n.hea.csv
4.0K,s26380-2646-07-13-18-02n.hea.csv
88K,s26380-2646-07-13-21-54n.hea.csv
1.6M,s26381-3476-09-13-18-50n.hea.csv
340K,s26381-3476-09-22-21-37n.hea.csv
344K,s26381-3476-09-24-21-26n.hea.csv
176K,s26382-2903-04-03-19-19n.hea.csv
352K,s26435-2678-08-14-20-23n.hea.csv
4.0K,s26435-2678-08-16-14-34n.hea.csv
800K,s26446-2815-03-21-11-44n.hea.csv
272K,s26446-2815-03-25-13-05n.hea.csv
948K,s26446-2815-03-26-17-51n.hea.csv
544K,s26459-3197-07-29-09-34n.hea.csv
188K,s26459-3197-08-01-01-16n.hea.csv
4.0K,s26459-3197-08-02-09-34n.hea.csv
364K,s26467-3293-03-30-14-09n.hea.csv
388K,s26467-3293-04-01-12-37n.hea.csv
188K,s26467-3293-04-03-14-40n.hea.csv
40K,s26472-2737-12-01-10-25n.hea.csv
708K,s26472-2737-12-01-18-54n.hea.csv
24K,s26472-2737-12-04-14-25n.hea.csv
628K,s26472-2737-12-04-21-48n.hea.csv
1.3M,s26480-3293-03-10-10-44n.hea.csv
624K,s26506-2888-12-13-19-49n.hea.csv
32K,s26519-2865-08-25-16-13n.hea.csv
656K,s26519-2865-08-25-21-23n.hea.csv
892K,s26519-2865-08-28-15-50n.hea.csv
144K,s26519-2865-08-31-10-40n.hea.csv
728K,s26519-2865-09-01-16-17n.hea.csv
328K,s26519-2865-09-04-17-21n.hea.csv
288K,s26519-2865-09-30-18-49n.hea.csv
1020K,s26519-2865-10-02-13-34n.hea.csv
920K,s26519-2865-10-08-11-39n.hea.csv
1.1M,s26519-2866-01-01-19-27n.hea.csv
148K,s26575-2764-06-14-21-27n.hea.csv
184K,s26575-2764-06-15-16-25n.hea.csv
1.5M,s26575-2764-06-16-14-47n.hea.csv
24K,s26575-2764-06-22-13-52n.hea.csv
1.6M,s26575-2764-06-24-13-19n.hea.csv
168K,s26576-2769-03-17-10-43n.hea.csv
4.0K,s26604-2966-02-23-18-01n.hea.csv
284K,s26604-2966-02-23-22-24n.hea.csv
440K,s26637-2612-08-07-02-56n.hea.csv
44K,s26637-2612-08-10-15-02n.hea.csv
208K,s26639-2737-09-20-14-39n.hea.csv
12K,s26688-3438-09-20-11-40n.hea.csv
2.0M,s26688-3438-09-20-15-49n.hea.csv
2.1M,s26688-3438-10-23-13-39n.hea.csv
2.1M,s26688-3438-11-13-15-57n.hea.csv
404K,s26688-3438-11-27-15-25n.hea.csv
44K,s26688-3438-11-30-08-57n.hea.csv
156K,s26688-3439-01-14-13-12n.hea.csv
4.0K,s26688-3439-01-15-15-21n.hea.csv
108K,s26693-3455-02-22-18-22n.hea.csv
132K,s26693-3455-02-23-16-10n.hea.csv
1.2M,s26710-3236-04-25-17-11n.hea.csv
1.4M,s26711-2983-06-08-22-09n.hea.csv
